invoice_number,vendor,amount,invoice_date,due_date,status,po_number
INV-2026-4445,Wellspring Analytics,152.96,2026-04-26,2026-05-11,paid,PO-6455
INV-2026-2870,Harborstone Consulting,33188.9,2026-04-26,2026-05-26,overdue,PO-6905
INV-2026-3106,Baystate Facilities,139.34,2026-02-16,2026-03-03,pending,PO-6188
INV-2026-4002,Harborstone Consulting Group,135.11,2026-06-28,2026-07-28,paid,PO-6886
INV-2026-2461,SUMMIT OFFICE SUPPLIES,374.4,2026-05-27,2026-06-26,paid,PO-6153
INV-2026-3473,Summit Office Supplies,1283.95,2026-05-07,2026-06-06,paid,PO-6749
INV-2026-2924,Delta Freight Solutions,4068.2,2026-05-26,2026-07-25,paid,PO-6681
INV-2026-3786,Pinnacle Telecom,4285.97,2026-04-14,2026-05-14,pending,PO-6645
INV-2026-4628,Riverside Cleaning Co,361.99,2026-03-27,2026-05-26,overdue,PO-6541
INV-2026-2830,Delta Freight Solutions,1022.7,2026-02-15,2026-03-17,paid,PO-6872
INV-2026-3484,Trustpoint Insurance,513.37,2026-05-29,2026-07-28,overdue,PO-6527
INV-2026-3805,Baystate Facilities,1048.78,2026-03-19,2026-05-18,pending,PO-6182
INV-2026-3399,Quartz Design Studio,136.46,2026-04-02,2026-06-01,paid,PO-6844
INV-2026-4929,BluePeak Marketing,1312.06,2026-05-29,2026-07-28,overdue,PO-6823
INV-2026-5088,Pinnacle Telecom,103.23,2026-03-18,2026-04-17,pending,PO-6714
INV-2026-3170,Meadowbrook Payroll,2207.1,2026-02-28,2026-03-30,overdue,PO-6592
INV-2026-3220,Baystate Facilities,1098.05,2026-02-03,2026-03-20,paid,PO-6704
INV-2026-4187,Baystate Facilities,764.37,2026-02-06,2026-03-23,overdue,PO-6077
INV-2026-5154,Baystate Facilities,2832.89,2026-03-03,2026-04-17,pending,PO-6010
INV-2026-4265,Wellspring Analytics,119.71,2026-04-14,2026-04-29,pending,PO-6042
INV-2026-2984,Northwind Security,543.61,2026-01-07,2026-02-21,paid,PO-6768
INV-2026-3937,Golden Valley Catering,687.79,2026-04-09,2026-05-09,overdue,PO-6969
INV-2026-3016,Delta Freight Solutions,909.12,2026-03-26,2026-05-25,paid,PO-6784
INV-2026-4244,Pinnacle Telecom,238.77,2026-02-06,2026-03-23,paid,PO-6000
INV-2026-4871,Baystate Facilities,229.16,2026-01-20,2026-03-21,overdue,PO-6350
INV-2026-2069,Meadowbrook Payroll,3028.33,2026-03-10,2026-04-09,pending,PO-6141
INV-2026-4112,Baystate Facilities,6932.18,2026-06-05,2026-07-05,overdue,PO-6379
INV-2026-4283,Pinnacle Telecom,1886.92,2026-05-10,2026-06-09,paid,PO-6928
INV-2026-5005,Precision Print Shop,3193.79,2026-06-01,2026-07-01,paid,PO-6076
INV-2026-3408,Harborstone Consulting Group,981.3,2026-01-30,2026-02-14,paid,PO-6137
INV-2026-3089,Ironclad Logistics,151.95,2026-05-19,2026-06-18,overdue,PO-6205
INV-2026-4634,Zenith IT Consulting,551.97,2026-03-31,2026-05-15,pending,PO-6135
INV-2026-2408,Northwind Security,1140.73,2026-03-27,2026-04-26,overdue,PO-6398
INV-2026-4694,Meadowbrook Payroll,342.03,2026-03-06,2026-04-20,overdue,PO-6276
INV-2026-2100,Quartz Design Studio,158.4,2026-04-05,2026-05-05,overdue,PO-6513
INV-2026-2137,Northwind Security,2023.21,2026-03-31,2026-04-30,pending,PO-6713
INV-2026-3120,Baystate Facilities,279.74,2026-03-15,2026-04-14,pending,PO-6835
INV-2026-3944,Quartz Design Studio,622.27,,2026-04-23,pending,PO-6401
INV-2026-2790,Delta Freight Solutions LLC,188.8,2026-06-16,2026-08-15,pending,PO-6211
INV-2026-4960,Summit Office Supplies,5918.88,2026-01-10,2026-03-11,pending,PO-6191
INV-2026-2616,BluePeak Marketing,2621.8,2026-06-14,2026-07-29,paid,PO-6735
INV-2026-3733,Harborstone Consulting Group,36.28,2026-06-07,2026-08-06,paid,PO-6485
INV-2026-3534,Golden Valley Catering,211.18,2026-01-10,2026-02-09,overdue,PO-6472
INV-2026-5084,Quartz Design Studio,4019.2,2026-06-23,2026-08-07,pending,PO-6380
INV-2026-3118,Northwind Security,1039.8,2026-02-16,2026-03-18,overdue,PO-6158
INV-2026-2195,Everline Distribution,3119.25,2026-05-30,2026-07-14,pending,PO-6389
INV-2026-3547,Ridgeline HVAC,357.69,2026-02-13,2026-03-15,paid,PO-6798
INV-2026-2717,Wellspring Analytics,,2026-02-19,2026-04-05,pending,PO-6367
INV-2026-2292,Ridgeline HVAC,1916.82,2026-05-07,2026-06-06,pending,PO-6215
INV-2026-4644,Delta Freight Solutions,510.08,2026-02-08,2026-03-10,pending,PO-6870
INV-2026-2484,Bluepeak Marketing,133.83,2026-06-17,2026-07-17,pending,PO-6093
INV-2026-3637,Trustpoint Insurance,1364.96,2026-04-04,2026-05-04,pending,PO-6991
INV-2026-3920,Fleetline Maintenance,1197.61,2026-02-11,2026-03-13,paid,PO-6926
INV-2026-4578,Harborstone Consulting,971.49,2026-03-10,2026-04-09,pending,PO-6147
INV-2026-2782,Delta Freight Solutions LLC,1522.75,2026-03-13,2026-04-12,paid,PO-6713
INV-2026-3860,Wellspring Analytics,168.52,2026-06-15,2026-06-30,overdue,PO-6514
INV-2026-3769,Quartz Design Studio,349.87,2026-02-11,2026-03-28,pending,PO-6476
INV-2026-5159,Quartz Design Studio,187.38,2026-04-22,2026-05-22,pending,PO-6925
INV-2026-4038,Ironclad Logistics,1415.93,2026-05-05,2026-06-04,paid,PO-6017
INV-2026-4302,Trustpoint Insurance,1048.21,2026-02-05,2026-03-07,pending,PO-6738
INV-2026-2001,Ridgeline HVAC,597.77,2026-01-05,2026-03-06,pending,PO-6478
INV-2026-2920,Wellspring Analytics,1122.56,2026-03-18,2026-04-17,pending,PO-6284
INV-2026-2963,Riverside Cleaning Co,315.8,2026-04-24,2026-05-24,pending,PO-6501
INV-2026-5132,Everline Distribution,673.78,2026-05-22,2026-07-21,overdue,PO-6463
INV-2026-4583,Golden Valley Catering,1649.74,2026-04-20,2026-05-20,pending,PO-6289
INV-2026-3829,Ridgeline HVAC,23978.72,2026-06-14,2026-07-14,paid,PO-6941
INV-2026-4478,Golden Valley Catering,2785.77,2026-06-18,2026-07-18,overdue,PO-6207
INV-2026-3031,Civic Square Legal,721.95,,2026-07-17,pending,PO-6549
INV-2026-3095,Trustpoint Insurance,944.48,2026-05-26,2026-06-25,paid,PO-6705
INV-2026-4966,Golden Valley Catering,414.42,2026-06-23,2026-07-23,overdue,PO-6215
INV-2026-2351,Wellspring Analytics,157.41,2026-03-26,2026-05-10,paid,PO-6337
INV-2026-3528,Delta Freight Solutions,533.41,2026-01-02,2026-03-03,overdue,PO-6564
INV-2026-2153,Zenith IT Consulting,4498.0,2026-02-19,2026-03-21,overdue,PO-6797
INV-2026-2359,Quartz Design Studio,893.55,2026-01-06,2026-02-05,overdue,PO-6625
INV-2026-2202,Everline Distribution,231.75,2026-01-07,2026-02-06,pending,PO-6157
INV-2026-2213,Bluepeak Marketing,235.1,2026-03-25,2026-04-24,paid,PO-6726
INV-2026-2031,Northwind Security,2338.85,2026-05-02,2026-06-01,overdue,PO-6553
INV-2026-4062,Fleetline Maintenance,140.45,2026-05-24,2026-06-23,overdue,PO-6104
INV-2026-4049,Precision Print Shop,1344.67,2026-01-03,2026-03-04,overdue,PO-6215
INV-2026-3009,Fleetline Maintenance,142.13,2026-02-10,2026-03-12,pending,PO-6732
INV-2026-2602,Delta Freight Solutions,1164.83,2026-01-13,2026-02-12,overdue,PO-6775
INV-2026-3560,IRONCLAD LOGISTICS,785.06,2026-01-29,2026-02-28,paid,PO-6897
INV-2026-3207,Ridgeline HVAC,,2026-05-21,2026-06-20,pending,PO-6443
INV-2026-3385,BluePeak Marketing,864.62,2026-04-19,2026-05-04,overdue,PO-6370
INV-2026-5236,Northwind Security,3931.62,2026-01-09,2026-02-08,pending,PO-6077
INV-2026-2122,Quartz Design Studio,133.81,2026-06-08,2026-07-08,paid,PO-6429
INV-2026-4824,SUMMIT OFFICE SUPPLIES,,2026-04-29,2026-05-29,pending,PO-6800
INV-2026-3521,Everline Distribution,536.5,2026-04-11,2026-05-11,pending,PO-6346
INV-2026-5086,Northwind Security,1702.47,2026-05-02,2026-06-01,overdue,PO-6978
INV-2026-2641,Quartz Design Studio,316.41,2026-02-06,2026-02-21,pending,PO-6769
INV-2026-4989,Everline Distribution,143.89,2026-03-15,2026-04-14,overdue,PO-6577
INV-2026-2086,Civic Square Legal,276.0,2026-06-29,2026-08-28,paid,PO-6016
INV-2026-4862,Quartz Design Studio,153.61,2026-02-10,2026-04-11,pending,PO-6598
INV-2026-2694,Ridgeline HVAC,725.12,2026-05-13,2026-05-28,overdue,PO-6019
INV-2026-2511,Civic Square Legal,130.12,2026-06-18,2026-07-18,paid,PO-6805
INV-2026-3877,Zenith IT Consulting,436.4,2026-06-04,2026-07-04,pending,PO-6336
INV-2026-3237,Riverside Cleaning Co,178.81,2026-03-26,2026-04-25,paid,PO-6138
INV-2026-4033,Wellspring Analytics,483.27,2026-04-14,2026-04-29,paid,PO-6706
INV-2026-4978,Golden Valley Catering,7439.84,2026-01-05,2026-02-04,overdue,PO-6812
INV-2026-4533,Riverside Cleaning Co,358.72,2026-04-17,2026-05-17,pending,PO-6538
INV-2026-3702,Precision Print Shop,213.79,2026-02-07,2026-04-08,paid,PO-6221
INV-2026-3060,Meadowbrook Payroll,237.95,2026-03-15,2026-04-14,paid,PO-6380
INV-2026-2248,Ridgeline HVAC,1283.82,2026-01-10,2026-03-11,overdue,PO-6677
INV-2026-3218,BluePeak Marketing,773.53,2026-05-07,2026-06-06,paid,PO-6796
INV-2026-5035,Fleetline Maintenance,167.24,2026-02-02,2026-02-17,pending,PO-6611
INV-2026-4262,Golden Valley Catering,266.59,2026-03-31,2026-05-15,paid,PO-6145
INV-2026-4418,Ridgeline HVAC,1789.55,2026-04-30,2026-06-14,pending,PO-6218
INV-2026-3676,Pinnacle Telecom,3147.15,2026-05-05,2026-06-19,pending,PO-6759
INV-2026-3796,Meadowbrook Payroll,1032.12,2026-02-25,2026-03-27,paid,PO-6898
INV-2026-4697,BluePeak Marketing,253.55,2026-01-09,2026-02-08,overdue,PO-6222
INV-2026-3156,Zenith IT Consulting,733.29,2026-02-19,2026-04-05,overdue,PO-6264
INV-2026-3590,Trustpoint Insurance,185.37,2026-01-28,2026-02-27,pending,PO-6792
INV-2026-4177,Northwind Security,2038.48,2026-02-13,2026-03-15,pending,PO-6773
INV-2026-2651,Golden Valley Catering,957.69,2026-03-22,2026-05-06,overdue,PO-6207
INV-2026-3029,Civic Square Legal,474.1,2026-05-04,2026-07-03,overdue,PO-6597
INV-2026-3193,Golden Valley Catering,1009.16,2026-04-04,2026-05-04,overdue,PO-6494
INV-2026-4727,Riverside Cleaning Co,432.48,2026-04-05,2026-06-04,paid,PO-6847
INV-2026-5250,BluePeak Marketing,2925.05,2026-01-14,2026-02-13,pending,PO-6350
INV-2026-5081,Quartz Design Studio,277.19,2026-05-13,2026-06-27,paid,PO-6556
INV-2026-4201,Civic Square Legal,168.63,2026-06-17,2026-08-16,pending,PO-6968
INV-2026-2052,Fleetline Maintenance,874.04,2026-03-21,2026-04-20,pending,PO-6275
INV-2026-4108,Riverside Cleaning Co,2866.83,2026-02-11,2026-03-13,pending,PO-6447
INV-2026-3540,Quartz Design Studio,5607.89,2026-06-24,2026-07-24,pending,PO-6860
INV-2026-4334,Baystate Facilities,209.95,2026-03-07,2026-04-21,paid,PO-6707
INV-2026-4908,Quartz Design Studio,1121.86,2026-04-08,2026-06-07,pending,PO-6937
INV-2026-4758,Ridgeline HVAC,2194.6,2026-02-19,2026-03-21,overdue,PO-6854
INV-2026-4148,Civic Square Legal,221.94,2026-04-19,2026-05-19,paid,PO-6190
INV-2026-3550,Wellspring Analytics,771.02,2026-04-13,2026-05-13,paid,PO-6283
INV-2026-4154,Harborstone Consulting Group,15373.63,2026-01-28,2026-02-27,overdue,PO-6720
INV-2026-4368,Trustpoint Insurance,649.81,2026-06-18,2026-08-02,overdue,PO-6452
INV-2026-4714,Quartz Design Studio,484.4,2026-03-05,2026-04-04,overdue,PO-6212
INV-2026-3126,Ridgeline HVAC,307.23,2026-06-13,2026-07-13,paid,PO-6493
INV-2026-3551,Precision Print Shop,274.48,2026-02-07,2026-02-22,overdue,PO-6909
INV-2026-2087,Meadowbrook Payroll,238.11,2026-05-30,2026-06-29,overdue,PO-6169
INV-2026-4093,Trustpoint Insurance,486.66,2026-06-01,2026-07-16,overdue,PO-6505
INV-2026-5226,Riverside Cleaning Co,2938.96,2026-01-21,2026-02-20,overdue,PO-6800
INV-2026-2821,Golden Valley Catering,279.71,2026-05-10,2026-06-09,paid,PO-6725
INV-2026-2630,Northwind Security,334.37,2026-06-01,2026-06-16,paid,PO-6193
INV-2026-5133,Wellspring Analytics,3139.38,2026-05-21,2026-06-20,paid,PO-6025
INV-2026-2894,Ironclad Logistics,318.89,2026-04-30,2026-05-30,paid,PO-6416
INV-2026-5075,Fleetline Maintenance,9124.4,2026-06-28,2026-07-28,pending,PO-6346
INV-2026-2863,Wellspring Analytics,969.33,2026-03-15,2026-04-14,paid,PO-6330
INV-2026-4016,Zenith IT Consulting,225.97,2026-05-13,2026-06-12,overdue,PO-6141
INV-2026-2416,Harborstone Consulting Group,111.31,2026-06-13,2026-07-13,pending,PO-6637
INV-2026-3257,Everline Distribution,3367.9,2026-05-07,2026-06-06,overdue,PO-6412
INV-2026-3469,Zenith IT Consulting,403.97,2026-04-09,2026-05-24,pending,PO-6138
INV-2026-2932,Civic Square Legal,122.75,2026-06-24,2026-08-23,pending,PO-6658
INV-2026-3418,Precision Print Shop,218.58,2026-01-30,2026-03-01,paid,PO-6052
INV-2026-3355,Civic Square Legal,1504.06,2026-04-11,2026-05-11,paid,PO-6715
INV-2026-5248,Trustpoint Insurance,2026.67,2026-02-05,2026-03-07,paid,PO-6890
INV-2026-2232,Riverside Cleaning Co,215.36,2026-04-16,2026-05-16,overdue,PO-6178
INV-2026-3192,SUMMIT OFFICE SUPPLIES,276.14,2026-01-10,2026-02-09,overdue,PO-6055
INV-2026-3596,Golden Valley Catering,6231.93,2026-04-16,2026-05-16,paid,PO-6862
INV-2026-5239,Quartz Design Studio,3141.88,2026-04-04,2026-05-19,overdue,PO-6703
INV-2026-3191,Baystate Facilities,217.29,2026-04-10,2026-05-10,overdue,PO-6025
INV-2026-4145,Harborstone Consulting,1514.82,2026-05-06,2026-06-05,overdue,PO-6370
INV-2026-4584,Everline Distribution,997.74,2026-05-29,2026-06-28,pending,PO-6252
INV-2026-3481,Zenith IT Consulting,1459.23,2026-01-03,2026-02-02,pending,PO-6890
INV-2026-3654,Zenith IT Consulting,692.34,2026-02-23,2026-03-25,overdue,PO-6844
INV-2026-3264,Quartz Design Studio,165.36,2026-01-20,2026-02-04,paid,PO-6946
INV-2026-4789,BluePeak Marketing,424.13,2026-02-18,2026-03-20,overdue,PO-6991
INV-2026-3503,Quartz Design Studio,161.3,2026-04-07,2026-05-07,paid,PO-6516
INV-2026-2146,Golden Valley Catering,273.69,2026-03-01,2026-03-31,overdue,PO-6171
INV-2026-3719,Trustpoint Insurance,1350.18,2026-04-16,2026-05-01,pending,PO-6481
INV-2026-4442,Northwind Security,1508.61,2026-03-03,2026-03-18,paid,PO-6228
INV-2026-4932,Quartz Design Studio,,2026-04-08,2026-05-08,paid,PO-6799
INV-2026-3990,Zenith IT Consulting,1242.89,2026-05-11,2026-07-10,pending,PO-6478
INV-2026-2652,Northwind Security,3134.25,2026-02-01,2026-03-03,overdue,PO-6286
INV-2026-2858,BluePeak Marketing,294.62,2026-06-23,2026-08-22,pending,PO-6338
INV-2026-5158,Bluepeak Marketing,1058.53,2026-05-24,2026-07-23,paid,PO-6437
INV-2026-4719,IRONCLAD LOGISTICS,548.16,2026-03-16,2026-04-15,paid,PO-6984
INV-2026-4629,Quartz Design Studio,420.3,2026-06-08,2026-07-08,overdue,PO-6775
INV-2026-4487,Wellspring Analytics,261.56,2026-05-28,2026-06-27,pending,PO-6957
INV-2026-3139,Golden Valley Catering,14885.8,2026-06-22,2026-08-06,pending,PO-6641
INV-2026-3650,Trustpoint Insurance,457.91,2026-03-20,2026-05-19,pending,PO-6345
INV-2026-5014,Delta Freight Solutions LLC,278.86,2026-03-25,2026-04-09,overdue,PO-6499
INV-2026-4974,Zenith IT Consulting,301.83,2026-06-19,2026-07-19,pending,PO-6523
INV-2026-2685,Civic Square Legal,3859.14,2026-03-29,2026-04-13,paid,PO-6463
INV-2026-4988,Quartz Design Studio,1193.17,2026-05-21,2026-06-05,overdue,PO-6077
INV-2026-5234,Meadowbrook Payroll,288.75,2026-05-21,2026-06-20,pending,PO-6669
INV-2026-3883,Zenith IT Consulting,5587.8,2026-03-15,2026-04-29,pending,PO-6523
INV-2026-2810,Meadowbrook Payroll,1582.27,2026-06-18,2026-08-17,pending,PO-6051
INV-2026-3975,Wellspring Analytics,3498.56,2026-06-20,2026-07-05,pending,PO-6898
INV-2026-2214,Bluepeak Marketing,742.8,2026-05-15,2026-05-30,overdue,PO-6075
INV-2026-3613,Trustpoint Insurance,464.02,2026-06-16,2026-07-16,overdue,PO-6187
INV-2026-2443,Riverside Cleaning Co,2456.16,2026-03-05,2026-03-20,paid,PO-6186
INV-2026-3770,Trustpoint Insurance,734.94,2026-04-20,2026-05-20,overdue,PO-6350
INV-2026-2709,Riverside Cleaning Co,1147.99,2026-04-22,2026-05-22,pending,PO-6733
INV-2026-3903,Riverside Cleaning Co,3165.88,2026-04-28,2026-06-27,overdue,PO-6619
INV-2026-4776,BluePeak Marketing,412.74,2026-06-24,2026-08-23,overdue,PO-6856
INV-2026-2388,Baystate Facilities,592.78,2026-03-09,2026-04-08,paid,PO-6508
INV-2026-2613,Delta Freight Solutions,1723.65,2026-06-09,2026-07-09,pending,PO-6323
INV-2026-3693,Baystate Facilities,91.25,2026-05-03,2026-06-02,pending,PO-6291
INV-2026-4365,Civic Square Legal,1214.5,2026-04-14,2026-05-29,overdue,PO-6435
INV-2026-3925,Golden Valley Catering,371.27,2026-06-11,2026-07-11,pending,PO-6052
INV-2026-2614,Golden Valley Catering,633.04,2026-05-26,2026-07-25,pending,PO-6306
INV-2026-3511,Zenith IT Consulting,7178.06,2026-04-03,2026-06-02,pending,PO-6734
INV-2026-4370,Wellspring Analytics,633.27,2026-02-07,2026-03-09,overdue,PO-6617
INV-2026-5063,Zenith IT Consulting,138.73,2026-02-07,2026-03-09,paid,PO-6441
INV-2026-3394,Golden Valley Catering,8296.83,,2026-07-11,paid,PO-6228
INV-2026-2056,Summit Office Supplies,473.39,2026-06-14,2026-07-29,overdue,PO-6753
INV-2026-2677,Wellspring Analytics,2482.01,2026-02-17,2026-03-04,overdue,PO-6565
INV-2026-3053,Everline Distribution,177.61,2026-05-26,2026-06-25,paid,PO-6353
INV-2026-3247,Meadowbrook Payroll,,2026-03-20,2026-04-04,overdue,PO-6443
INV-2026-2233,Meadowbrook Payroll,,2026-06-27,2026-07-27,paid,PO-6075
INV-2026-2325,Precision Print Shop,1297.48,2026-05-05,2026-07-04,pending,PO-6621
INV-2026-2487,Delta Freight Solutions LLC,380.64,2026-03-11,2026-04-10,overdue,PO-6195
INV-2026-4248,Ironclad Logistics,754.64,2026-05-14,2026-06-13,overdue,PO-6119
INV-2026-2872,Civic Square Legal,11956.35,2026-05-24,2026-06-23,overdue,PO-6872
INV-2026-2217,Civic Square Legal,319.65,2026-05-25,2026-07-09,paid,PO-6251
INV-2026-3798,Bluepeak Marketing,873.21,2026-06-19,2026-07-04,overdue,PO-6127
INV-2026-4655,Baystate Facilities,484.64,2026-05-07,2026-05-22,pending,PO-6258
INV-2026-3303,Wellspring Analytics,470.09,2026-03-09,2026-04-08,overdue,PO-6744
INV-2026-2799,SUMMIT OFFICE SUPPLIES,1227.58,2026-05-09,2026-06-08,pending,PO-6804
INV-2026-2445,Bluepeak Marketing,446.6,2026-01-01,2026-01-31,pending,PO-6313
INV-2026-3049,Civic Square Legal,400.77,2026-06-25,2026-07-25,pending,PO-6780
INV-2026-5227,Zenith IT Consulting,46.28,2026-01-03,2026-03-04,paid,PO-6394
INV-2026-3996,Trustpoint Insurance,1298.58,2026-06-01,2026-07-01,paid,PO-6025
INV-2026-2869,Northwind Security,3586.34,2026-04-12,2026-05-27,overdue,PO-6623
INV-2026-4008,Quartz Design Studio,3688.83,2026-06-16,2026-07-16,paid,PO-6159
INV-2026-4360,Wellspring Analytics,596.46,2026-04-01,2026-05-01,overdue,PO-6415
INV-2026-3653,IRONCLAD LOGISTICS,290.2,2026-03-21,2026-04-05,paid,PO-6525
INV-2026-5240,summit office supplies,441.28,2026-02-12,2026-03-14,paid,PO-6158
INV-2026-4610,BluePeak Marketing,35.71,2026-06-27,2026-08-26,overdue,PO-6498
INV-2026-2194,Baystate Facilities,579.29,,2026-02-05,paid,PO-6568
INV-2026-3809,Fleetline Maintenance,4237.72,2026-04-14,2026-05-29,overdue,PO-6372
INV-2026-3657,Golden Valley Catering,209.17,2026-04-27,2026-05-12,paid,PO-6969
INV-2026-4941,Harborstone Consulting Group,37.21,2026-01-02,2026-02-16,pending,PO-6170
INV-2026-3601,Trustpoint Insurance,385.98,2026-06-20,2026-08-04,paid,PO-6176
INV-2026-2255,Wellspring Analytics,752.76,2026-01-07,2026-03-08,overdue,PO-6773
INV-2026-4071,Everline Distribution,4113.74,2026-05-11,2026-06-10,paid,PO-6139
INV-2026-4471,Quartz Design Studio,181.04,2026-04-10,2026-05-10,paid,PO-6702
INV-2026-4446,Precision Print Shop,346.57,2026-01-22,2026-03-23,pending,PO-6527
INV-2026-4323,Riverside Cleaning Co,77.0,2026-02-23,2026-03-25,overdue,PO-6427
INV-2026-4120,Civic Square Legal,552.88,2026-01-02,2026-02-01,pending,PO-6787
INV-2026-4434,Everline Distribution,4942.28,2026-01-02,2026-02-01,pending,PO-6582
INV-2026-4053,Precision Print Shop,3720.22,2026-01-12,2026-02-11,overdue,PO-6883
INV-2026-2507,Precision Print Shop,941.66,2026-02-26,2026-03-28,paid,PO-6250
INV-2026-2514,Wellspring Analytics,506.07,,2026-05-16,paid,PO-6311
INV-2026-4073,IRONCLAD LOGISTICS,2020.47,2026-03-25,2026-04-24,pending,PO-6219
INV-2026-2886,Civic Square Legal,1409.6,2026-04-18,2026-05-18,pending,PO-6471
INV-2026-3395,Zenith IT Consulting,132.01,2026-06-23,2026-07-23,overdue,PO-6530
INV-2026-2703,Zenith IT Consulting,253.87,2026-01-03,2026-02-02,overdue,PO-6915
INV-2026-4979,IRONCLAD LOGISTICS,1124.91,2026-01-01,2026-01-31,paid,PO-6388
INV-2026-4480,Pinnacle Telecom,1112.51,2026-04-05,2026-04-20,paid,PO-6043
INV-2026-2931,Quartz Design Studio,816.97,2026-01-04,2026-03-05,paid,PO-6929
INV-2026-3075,Pinnacle Telecom,1066.69,2026-05-15,2026-06-14,pending,PO-6918
INV-2026-4836,Wellspring Analytics,2615.11,2026-03-10,2026-04-09,paid,PO-6974
INV-2026-4753,Ironclad Logistics,166.39,2026-02-02,2026-02-17,overdue,PO-6518
INV-2026-3467,Riverside Cleaning Co,402.22,2026-02-23,2026-03-25,pending,PO-6949
INV-2026-3595,Everline Distribution,254.96,2026-05-16,2026-06-30,overdue,PO-6656
INV-2026-4852,Pinnacle Telecom,994.19,2026-04-04,2026-05-04,overdue,PO-6292
INV-2026-3275,Everline Distribution,242.19,,2026-02-12,overdue,PO-6540
INV-2026-2895,Baystate Facilities,416.56,2026-01-01,2026-01-31,overdue,PO-6726
INV-2026-2789,BluePeak Marketing,270.74,2026-05-23,2026-06-22,pending,PO-6093
INV-2026-3427,Precision Print Shop,1153.23,2026-04-05,2026-05-20,overdue,PO-6108
INV-2026-5010,Quartz Design Studio,272.34,2026-05-13,2026-06-27,overdue,PO-6941
INV-2026-3566,Precision Print Shop,1441.38,2026-02-23,2026-04-24,pending,PO-6856
INV-2026-3636,Wellspring Analytics,1700.79,2026-03-22,2026-05-06,overdue,PO-6847
INV-2026-4820,Delta Freight Solutions,1510.37,2026-05-11,2026-06-10,paid,PO-6339
INV-2026-3176,Riverside Cleaning Co,2368.21,2026-02-19,2026-04-05,pending,PO-6972
INV-2026-5057,Zenith IT Consulting,1496.44,2026-04-26,2026-06-25,pending,PO-6868
INV-2026-2999,Delta Freight Solutions LLC,229.36,2026-05-09,2026-07-08,pending,PO-6993
INV-2026-2203,Golden Valley Catering,6302.18,2026-06-06,2026-07-06,overdue,PO-6204
INV-2026-2246,Pinnacle Telecom,2107.11,2026-03-05,2026-04-19,pending,PO-6336
INV-2026-4572,Quartz Design Studio,1521.1,2026-04-12,2026-05-27,pending,PO-6254
INV-2026-4872,Delta Freight Solutions LLC,246.38,2026-03-05,2026-05-04,overdue,PO-6842
INV-2026-4802,Meadowbrook Payroll,,2026-03-07,2026-03-22,paid,PO-6361
INV-2026-4743,Ironclad Logistics,142.66,2026-01-07,2026-02-06,paid,PO-6108
INV-2026-3428,Meadowbrook Payroll,2904.16,2026-06-19,2026-08-03,pending,PO-6501
INV-2026-2494,Delta Freight Solutions,317.68,2026-03-10,2026-03-25,overdue,PO-6505
INV-2026-2260,Ironclad Logistics,392.53,2026-01-23,2026-02-22,pending,PO-6305
INV-2026-4027,Northwind Security,915.09,2026-02-28,2026-03-30,pending,PO-6906
INV-2026-4780,Meadowbrook Payroll,18347.67,2026-05-01,2026-05-31,pending,PO-6334
INV-2026-4691,Precision Print Shop,362.53,2026-04-16,2026-05-16,overdue,PO-6369
INV-2026-4699,Ridgeline HVAC,497.53,2026-05-19,2026-06-03,paid,PO-6228
INV-2026-2010,Baystate Facilities,22212.48,2026-05-18,2026-06-17,overdue,PO-6638
INV-2026-3619,Trustpoint Insurance,3049.26,2026-01-30,2026-03-31,pending,PO-6601
INV-2026-5245,Precision Print Shop,73.17,2026-06-19,2026-07-19,paid,PO-6955
INV-2026-5172,Northwind Security,122.12,2026-05-29,2026-06-28,paid,PO-6266
INV-2026-2941,Zenith IT Consulting,2006.43,2026-06-05,2026-07-05,overdue,PO-6252
INV-2026-4488,Precision Print Shop,1839.26,2026-04-22,2026-06-06,overdue,PO-6552
INV-2026-3022,Riverside Cleaning Co,336.04,2026-03-24,2026-04-08,overdue,PO-6287
INV-2026-4235,Meadowbrook Payroll,2009.79,2026-05-16,2026-07-15,overdue,PO-6538
INV-2026-2037,Trustpoint Insurance,206.65,2026-03-26,2026-05-10,overdue,PO-6279
INV-2026-3107,Quartz Design Studio,2508.69,2026-03-25,2026-04-24,paid,PO-6291
INV-2026-4103,Wellspring Analytics,72.62,2026-05-11,2026-06-10,overdue,PO-6608
INV-2026-4511,Riverside Cleaning Co,885.48,2026-05-23,2026-06-22,overdue,PO-6359
INV-2026-2475,Trustpoint Insurance,5790.28,2026-04-20,2026-06-19,overdue,PO-6617
INV-2026-4942,Wellspring Analytics,299.19,2026-02-21,2026-04-07,pending,PO-6774
INV-2026-2016,Trustpoint Insurance,2026.67,2026-02-04,2026-04-05,paid,PO-6038
INV-2026-3265,Trustpoint Insurance,1312.13,2026-03-20,2026-04-19,pending,PO-6926
INV-2026-2719,Northwind Security,312.38,2026-05-09,2026-07-08,overdue,PO-6962
INV-2026-2867,Civic Square Legal,93.11,2026-02-18,2026-04-19,overdue,PO-6365
INV-2026-4317,Everline Distribution,732.73,2026-05-21,2026-06-20,pending,PO-6522
INV-2026-4457,Delta Freight Solutions,1674.11,2026-05-18,2026-06-17,pending,PO-6236
INV-2026-4234,Harborstone Consulting Group,1241.25,2026-02-25,2026-03-27,paid,PO-6875
INV-2026-3370,Fleetline Maintenance,2811.02,2026-04-21,2026-06-20,overdue,PO-6927
INV-2026-2449,Precision Print Shop,1454.31,2026-06-28,2026-07-28,overdue,PO-6777
INV-2026-3563,Everline Distribution,925.95,2026-06-26,2026-07-26,pending,PO-6485
INV-2026-4680,Fleetline Maintenance,,2026-03-08,2026-03-23,overdue,PO-6592
INV-2026-4067,Northwind Security,1673.48,2026-03-03,2026-04-02,paid,PO-6833
INV-2026-3396,Quartz Design Studio,45.64,2026-02-17,2026-04-03,paid,PO-6215
INV-2026-2769,Precision Print Shop,1541.03,2026-05-15,2026-06-14,pending,PO-6205
INV-2026-2472,Baystate Facilities,331.57,,2026-07-05,overdue,PO-6249
INV-2026-2824,Zenith IT Consulting,1686.09,2026-03-26,2026-04-25,paid,PO-6047
INV-2026-4827,Meadowbrook Payroll,1167.4,2026-04-11,2026-05-26,paid,PO-6306
INV-2026-5177,Pinnacle Telecom,334.9,2026-02-12,2026-03-14,paid,PO-6553
INV-2026-2342,Golden Valley Catering,237.02,2026-02-26,2026-03-28,overdue,PO-6501
INV-2026-5045,Golden Valley Catering,541.66,2026-06-28,2026-07-13,pending,PO-6953
INV-2026-4799,Quartz Design Studio,4291.82,2026-02-25,2026-03-27,overdue,PO-6120
INV-2026-4851,IRONCLAD LOGISTICS,359.52,2026-03-18,2026-04-17,paid,PO-6879
INV-2026-4751,Riverside Cleaning Co,414.81,2026-01-01,2026-01-31,overdue,PO-6084
INV-2026-4566,Wellspring Analytics,270.36,2026-04-09,2026-05-09,overdue,PO-6061
INV-2026-3891,Ridgeline HVAC,847.52,2026-04-29,2026-05-29,pending,PO-6853
INV-2026-2046,BluePeak Marketing,126.59,2026-03-29,2026-05-28,overdue,PO-6213
INV-2026-4206,Harborstone Consulting,2775.75,2026-03-30,2026-04-29,pending,PO-6938
INV-2026-4382,Everline Distribution,1098.66,2026-03-23,2026-05-07,overdue,PO-6351
INV-2026-2877,Zenith IT Consulting,97.46,2026-06-23,2026-07-08,pending,PO-6239
INV-2026-4801,Pinnacle Telecom,890.45,2026-03-04,2026-04-18,pending,PO-6116
INV-2026-3468,Ridgeline HVAC,159.5,2026-06-13,2026-08-12,overdue,PO-6977
INV-2026-3675,Quartz Design Studio,1634.79,2026-03-08,2026-03-23,pending,PO-6365
INV-2026-4282,Pinnacle Telecom,897.45,2026-06-09,2026-07-09,paid,PO-6911
INV-2026-2678,Pinnacle Telecom,518.26,2026-05-22,2026-07-21,pending,PO-6938
INV-2026-4609,Wellspring Analytics,4239.73,2026-01-02,2026-01-17,overdue,PO-6702
INV-2026-4185,Trustpoint Insurance,7901.58,2026-04-02,2026-05-17,pending,PO-6475
INV-2026-3035,Fleetline Maintenance,5413.71,2026-02-03,2026-02-18,pending,PO-6347
INV-2026-4918,Ironclad Logistics,738.5,2026-04-19,2026-05-04,pending,PO-6646
INV-2026-3030,Ironclad Logistics,1584.98,2026-01-08,2026-02-07,overdue,PO-6690
INV-2026-4673,Zenith IT Consulting,5057.08,2026-06-18,2026-08-17,pending,PO-6015
INV-2026-2116,Pinnacle Telecom,856.39,,2026-07-09,pending,PO-6620
INV-2026-4454,Baystate Facilities,1238.68,2026-02-10,2026-03-12,overdue,PO-6587
INV-2026-4330,Everline Distribution,1096.97,2026-04-17,2026-05-17,overdue,PO-6671
INV-2026-3246,Civic Square Legal,500.52,2026-03-27,2026-05-26,paid,PO-6113
INV-2026-3187,Civic Square Legal,2374.95,2026-01-05,2026-02-19,overdue,PO-6147
INV-2026-5026,Northwind Security,1513.88,2026-04-02,2026-05-02,paid,PO-6047
INV-2026-4739,Civic Square Legal,2101.87,2026-01-19,2026-02-18,overdue,PO-6128
INV-2026-3252,SUMMIT OFFICE SUPPLIES,2062.2,2026-05-12,2026-06-26,pending,PO-6807
INV-2026-2657,Precision Print Shop,4904.05,2026-06-07,2026-07-07,paid,PO-6319
INV-2026-2201,Wellspring Analytics,1491.68,2026-06-16,2026-08-15,overdue,PO-6212
INV-2026-3052,SUMMIT OFFICE SUPPLIES,2728.9,2026-01-28,2026-02-27,overdue,PO-6305
INV-2026-2636,Pinnacle Telecom,13403.53,2026-05-22,2026-07-21,pending,PO-6209
INV-2026-4592,Pinnacle Telecom,2108.05,2026-01-24,2026-02-08,overdue,PO-6669
INV-2026-4250,Quartz Design Studio,4116.34,2026-02-22,2026-03-24,pending,PO-6012
INV-2026-3219,IRONCLAD LOGISTICS,,2026-01-22,2026-03-08,pending,PO-6569
INV-2026-3831,Riverside Cleaning Co,88.37,2026-06-01,2026-07-16,paid,PO-6418
INV-2026-3606,Wellspring Analytics,1274.07,2026-05-03,2026-06-02,paid,PO-6581
INV-2026-2059,Wellspring Analytics,356.96,2026-04-28,2026-05-28,overdue,PO-6047
INV-2026-5065,summit office supplies,74.8,2026-01-28,2026-02-27,pending,PO-6548
INV-2026-3208,Zenith IT Consulting,172.84,2026-05-11,2026-06-10,paid,PO-6339
INV-2026-3632,Harborstone Consulting Group,1006.93,2026-02-14,2026-03-01,paid,PO-6195
INV-2026-2375,Northwind Security,185.13,2026-03-13,2026-05-12,pending,PO-6847
INV-2026-2831,Everline Distribution,1080.76,2026-03-29,2026-04-28,overdue,PO-6545
INV-2026-3372,Delta Freight Solutions LLC,5147.84,2026-03-14,2026-04-13,paid,PO-6308
INV-2026-2528,Harborstone Consulting,2374.66,2026-02-15,2026-04-01,pending,PO-6664
INV-2026-4479,Northwind Security,168.2,2026-03-13,2026-04-12,paid,PO-6259
INV-2026-4806,Golden Valley Catering,425.83,2026-03-28,2026-05-12,pending,PO-6751
INV-2026-2345,Bluepeak Marketing,211.88,2026-04-26,2026-05-26,paid,PO-6422
INV-2026-4491,Ironclad Logistics,22918.09,2026-05-19,2026-07-18,pending,PO-6760
INV-2026-4987,Precision Print Shop,220.33,2026-06-17,2026-07-17,pending,PO-6789
INV-2026-5008,Delta Freight Solutions LLC,485.31,2026-04-13,2026-05-13,paid,PO-6976
INV-2026-4271,Meadowbrook Payroll,4197.56,2026-01-03,2026-02-17,paid,PO-6617
INV-2026-4518,Meadowbrook Payroll,96.03,2026-05-10,2026-06-09,paid,PO-6932
INV-2026-2344,Civic Square Legal,1495.26,2026-06-02,2026-07-02,overdue,PO-6970
INV-2026-4059,Precision Print Shop,1681.77,2026-06-06,2026-08-05,pending,PO-6853
INV-2026-2284,Civic Square Legal,272.59,2026-02-28,2026-04-29,paid,PO-6429
INV-2026-2974,Ironclad Logistics,3437.18,,2026-08-13,pending,PO-6607
INV-2026-4341,Golden Valley Catering,3066.32,2026-02-10,2026-03-12,overdue,PO-6522
INV-2026-5076,Quartz Design Studio,325.54,2026-04-19,2026-06-18,pending,PO-6967
INV-2026-4690,Quartz Design Studio,165.2,2026-01-09,2026-02-23,pending,PO-6357
INV-2026-3737,Fleetline Maintenance,1391.36,2026-05-15,2026-07-14,paid,PO-6332
INV-2026-3358,Northwind Security,335.37,2026-01-08,2026-03-09,overdue,PO-6963
INV-2026-4657,IRONCLAD LOGISTICS,461.86,2026-01-04,2026-02-18,paid,PO-6444
INV-2026-3142,Pinnacle Telecom,351.67,2026-06-28,2026-07-28,overdue,PO-6160
INV-2026-4339,Harborstone Consulting Group,739.6,2026-03-02,2026-04-01,pending,PO-6968
INV-2026-5223,Bluepeak Marketing,203.93,2026-04-28,2026-05-28,pending,PO-6248
INV-2026-5251,Summit Office Supplies,3604.53,2026-05-08,2026-06-07,pending,PO-6175
INV-2026-2008,Fleetline Maintenance,405.38,2026-01-02,2026-03-03,overdue,PO-6880
INV-2026-2501,Northwind Security,1003.93,2026-02-28,2026-03-30,pending,PO-6157
INV-2026-4266,Delta Freight Solutions LLC,244.72,2026-04-29,2026-05-29,pending,PO-6980
INV-2026-5136,Ironclad Logistics,250.65,2026-05-23,2026-07-22,pending,PO-6008
INV-2026-2542,Delta Freight Solutions,17957.5,2026-05-05,2026-07-04,pending,PO-6311
INV-2026-3950,Delta Freight Solutions,1636.35,2026-01-07,2026-02-21,paid,PO-6116
INV-2026-4402,Pinnacle Telecom,672.92,2026-04-27,2026-05-27,overdue,PO-6776
INV-2026-2148,Zenith IT Consulting,1476.93,2026-05-06,2026-05-21,paid,PO-6632
INV-2026-4811,Fleetline Maintenance,991.86,2026-02-10,2026-03-12,paid,PO-6860
INV-2026-4113,Harborstone Consulting Group,6207.74,2026-03-14,2026-03-29,overdue,PO-6775
INV-2026-4429,Bluepeak Marketing,451.59,2026-05-09,2026-06-08,overdue,PO-6294
INV-2026-3756,Trustpoint Insurance,411.7,2026-06-22,2026-07-22,pending,PO-6811
INV-2026-3554,Harborstone Consulting Group,2954.09,2026-03-01,2026-04-30,overdue,PO-6125
INV-2026-3625,SUMMIT OFFICE SUPPLIES,2563.84,2026-05-07,2026-07-06,paid,PO-6695
INV-2026-5281,Trustpoint Insurance,1180.0,2026-01-31,2026-02-15,paid,PO-6390
INV-2026-4516,Civic Square Legal,584.05,2026-03-26,2026-04-10,overdue,PO-6150
INV-2026-2840,BluePeak Marketing,205.4,2026-04-01,2026-04-16,overdue,PO-6594
INV-2026-3054,BluePeak Marketing,206.35,2026-01-18,2026-02-02,overdue,PO-6404
INV-2026-2728,Wellspring Analytics,1450.99,2026-06-08,2026-08-07,overdue,PO-6192
INV-2026-4567,Golden Valley Catering,1965.09,2026-06-03,2026-08-02,overdue,PO-6333
INV-2026-2622,Ridgeline HVAC,196.96,2026-05-07,2026-06-06,paid,PO-6516
INV-2026-4146,Trustpoint Insurance,26554.77,2026-01-05,2026-03-06,overdue,PO-6351
INV-2026-2760,Fleetline Maintenance,1598.66,2026-01-26,2026-02-10,paid,PO-6830
INV-2026-3346,Meadowbrook Payroll,526.48,2026-04-06,2026-05-06,pending,PO-6534
INV-2026-2997,Northwind Security,1236.07,2026-06-26,2026-08-25,overdue,PO-6828
INV-2026-2855,Riverside Cleaning Co,1050.63,2026-02-28,2026-03-30,overdue,PO-6993
INV-2026-3744,Baystate Facilities,252.88,2026-02-08,2026-03-10,overdue,PO-6243
INV-2026-4421,IRONCLAD LOGISTICS,665.83,2026-04-28,2026-05-28,paid,PO-6794
INV-2026-2832,Meadowbrook Payroll,1044.66,2026-04-05,2026-05-05,paid,PO-6436
INV-2026-2563,Ironclad Logistics,1644.47,2026-01-08,2026-03-09,paid,PO-6322
INV-2026-4525,Civic Square Legal,666.58,2026-03-11,2026-03-26,pending,PO-6456
INV-2026-4921,Civic Square Legal,517.28,2026-06-29,2026-08-28,paid,PO-6642
INV-2026-4426,Everline Distribution,4761.51,2026-01-26,2026-02-10,overdue,PO-6403
INV-2026-2272,Wellspring Analytics,684.37,2026-06-07,2026-08-06,paid,PO-6726
INV-2026-2815,Summit Office Supplies,240.7,2026-04-21,2026-06-05,paid,PO-6272
INV-2026-3100,Quartz Design Studio,3236.89,2026-05-03,2026-07-02,pending,PO-6016
INV-2026-4826,Zenith IT Consulting,230.71,2026-04-30,2026-06-14,paid,PO-6034
INV-2026-3058,Ridgeline HVAC,806.91,2026-04-26,2026-05-26,overdue,PO-6468
INV-2026-3573,Quartz Design Studio,655.12,2026-05-16,2026-07-15,pending,PO-6886
INV-2026-3850,Riverside Cleaning Co,706.93,2026-03-23,2026-04-22,overdue,PO-6166
INV-2026-2025,Riverside Cleaning Co,496.61,2026-06-27,2026-07-27,overdue,PO-6163
INV-2026-4526,Fleetline Maintenance,3584.15,2026-02-10,2026-04-11,overdue,PO-6589
INV-2026-4561,Everline Distribution,327.42,2026-05-31,2026-06-30,paid,PO-6733
INV-2026-4544,Everline Distribution,23999.48,2026-04-19,2026-05-04,pending,PO-6310
INV-2026-4586,Trustpoint Insurance,328.61,2026-06-02,2026-08-01,overdue,PO-6425
INV-2026-4377,Golden Valley Catering,384.52,2026-06-08,2026-07-23,overdue,PO-6877
INV-2026-4156,Trustpoint Insurance,930.69,2026-03-27,2026-04-26,overdue,PO-6886
INV-2026-2679,Northwind Security,336.83,2026-05-20,2026-06-04,overdue,PO-6649
INV-2026-2204,Bluepeak Marketing,1762.24,,2026-07-08,overdue,PO-6897
INV-2026-3943,Harborstone Consulting Group,359.25,2026-03-05,2026-05-04,pending,PO-6769
INV-2026-3592,Meadowbrook Payroll,376.6,2026-01-15,2026-03-01,paid,PO-6968
INV-2026-3548,Quartz Design Studio,601.27,2026-03-18,2026-04-17,overdue,PO-6969
INV-2026-3250,SUMMIT OFFICE SUPPLIES,2061.86,2026-01-10,2026-02-24,overdue,PO-6661
INV-2026-4200,Zenith IT Consulting,1390.34,2026-01-03,2026-02-02,overdue,PO-6231
INV-2026-4164,Trustpoint Insurance,651.02,2026-04-29,2026-06-28,pending,PO-6018
INV-2026-3065,Pinnacle Telecom,38.76,2026-05-27,2026-06-26,overdue,PO-6707
INV-2026-4568,Quartz Design Studio,909.79,2026-03-02,2026-04-01,paid,PO-6851
INV-2026-3542,Precision Print Shop,2639.87,2026-02-12,2026-03-29,overdue,PO-6696
INV-2026-3093,Quartz Design Studio,1832.14,2026-02-03,2026-03-05,overdue,PO-6872
INV-2026-3699,Riverside Cleaning Co,474.58,2026-03-14,2026-04-13,pending,PO-6930
INV-2026-4617,Civic Square Legal,3910.11,2026-01-21,2026-02-20,overdue,PO-6741
INV-2026-2804,Zenith IT Consulting,125.27,2026-06-28,2026-08-27,pending,PO-6618
INV-2026-4482,Delta Freight Solutions LLC,235.78,2026-04-26,2026-06-10,pending,PO-6706
INV-2026-4647,Trustpoint Insurance,1987.95,2026-04-30,2026-06-14,pending,PO-6658
INV-2026-3706,Golden Valley Catering,1232.35,2026-04-29,2026-06-13,paid,PO-6397
INV-2026-5252,Zenith IT Consulting,46.28,2026-01-04,2026-02-03,pending,PO-6329
INV-2026-3336,Delta Freight Solutions LLC,455.88,2026-04-16,2026-05-16,paid,PO-6941
INV-2026-4635,Everline Distribution,892.33,2026-05-17,2026-06-01,paid,PO-6644
INV-2026-2306,Ironclad Logistics,1156.74,2026-03-01,2026-03-31,paid,PO-6544
INV-2026-2823,Wellspring Analytics,7400.44,2026-03-25,2026-04-24,pending,PO-6885
INV-2026-2674,Bluepeak Marketing,364.07,2026-03-11,2026-04-10,paid,PO-6462
INV-2026-2777,Zenith IT Consulting,355.08,2026-03-06,2026-05-05,paid,PO-6179
INV-2026-4971,Trustpoint Insurance,1928.81,2026-04-09,2026-06-08,overdue,PO-6000
INV-2026-3522,Precision Print Shop,894.02,2026-02-12,2026-03-29,pending,PO-6745
INV-2026-3633,Northwind Security,354.82,2026-01-11,2026-02-25,overdue,PO-6981
INV-2026-4907,Baystate Facilities,70.12,2026-03-25,2026-04-09,overdue,PO-6056
INV-2026-3032,Pinnacle Telecom,345.6,2026-05-25,2026-06-24,pending,PO-6185
INV-2026-5083,Summit Office Supplies,1426.84,2026-04-22,2026-05-22,overdue,PO-6003
INV-2026-2253,Fleetline Maintenance,782.65,2026-04-10,2026-06-09,pending,PO-6986
INV-2026-3462,Wellspring Analytics,547.98,2026-02-05,2026-02-20,overdue,PO-6269
INV-2026-2312,Golden Valley Catering,159.77,2026-05-22,2026-06-21,pending,PO-6592
INV-2026-3349,Precision Print Shop,1291.59,2026-03-22,2026-04-21,paid,PO-6031
INV-2026-3825,Meadowbrook Payroll,516.09,2026-01-08,2026-01-23,pending,PO-6937
INV-2026-5167,Riverside Cleaning Co,610.06,2026-01-02,2026-02-16,pending,PO-6995
INV-2026-3519,Trustpoint Insurance,3893.13,2026-01-26,2026-02-25,pending,PO-6608
INV-2026-5218,Northwind Security,1868.17,2026-03-26,2026-05-25,pending,PO-6208
INV-2026-2800,Harborstone Consulting Group,523.92,2026-03-16,2026-03-31,overdue,PO-6948
INV-2026-2219,Northwind Security,131.15,2026-01-03,2026-03-04,pending,PO-6921
INV-2026-4816,Zenith IT Consulting,243.87,2026-01-04,2026-03-05,overdue,PO-6865
INV-2026-4964,Quartz Design Studio,2502.26,2026-02-14,2026-03-31,pending,PO-6780
INV-2026-5224,Riverside Cleaning Co,671.09,2026-01-27,2026-02-26,paid,PO-6759
INV-2026-2058,Precision Print Shop,5356.52,2026-02-26,2026-04-12,overdue,PO-6016
INV-2026-2064,Everline Distribution,717.14,2026-06-08,2026-07-08,pending,PO-6901
INV-2026-4344,Harborstone Consulting Group,1454.3,2026-04-26,2026-06-25,overdue,PO-6348
INV-2026-2479,Golden Valley Catering,695.87,2026-04-16,2026-05-01,overdue,PO-6665
INV-2026-3040,Civic Square Legal,265.91,2026-05-30,2026-06-29,overdue,PO-6605
INV-2026-4724,Ridgeline HVAC,710.94,2026-05-13,2026-06-12,paid,PO-6020
INV-2026-2266,Precision Print Shop,2185.5,2026-05-25,2026-07-09,overdue,PO-6181
INV-2026-5030,Quartz Design Studio,1865.15,2026-05-07,2026-07-06,paid,PO-6550
INV-2026-4624,Fleetline Maintenance,5482.79,2026-06-05,2026-07-05,pending,PO-6781
INV-2026-2572,Everline Distribution,3427.4,2026-03-03,2026-04-02,overdue,PO-6154
INV-2026-4850,Pinnacle Telecom,2295.67,2026-06-07,2026-06-22,paid,PO-6465
INV-2026-4652,Meadowbrook Payroll,4020.25,2026-01-25,2026-02-09,overdue,PO-6446
INV-2026-2957,Delta Freight Solutions,3876.95,2026-05-13,2026-06-12,paid,PO-6816
INV-2026-2600,summit office supplies,1265.34,2026-06-20,2026-07-05,paid,PO-6011
INV-2026-3695,Zenith IT Consulting,716.59,2026-01-24,2026-02-23,pending,PO-6061
INV-2026-2836,BluePeak Marketing,1182.34,2026-05-03,2026-06-17,paid,PO-6250
INV-2026-3291,Pinnacle Telecom,1742.27,2026-05-29,2026-06-28,overdue,PO-6150
INV-2026-3982,Northwind Security,331.45,2026-06-23,2026-08-07,pending,PO-6669
INV-2026-5002,Civic Square Legal,1151.05,2026-03-10,2026-03-25,paid,PO-6208
INV-2026-5191,Wellspring Analytics,2052.8,2026-05-08,2026-05-23,overdue,PO-6031
INV-2026-4928,Fleetline Maintenance,2564.82,2026-04-10,2026-05-10,overdue,PO-6139
INV-2026-4830,Wellspring Analytics,586.1,2026-05-17,2026-06-01,overdue,PO-6090
INV-2026-4570,Summit Office Supplies,346.5,2026-01-09,2026-02-08,paid,PO-6345
INV-2026-3184,Meadowbrook Payroll,2539.95,2026-02-02,2026-03-04,pending,PO-6278
INV-2026-5178,Ironclad Logistics,5940.03,2026-01-12,2026-02-11,overdue,PO-6604
INV-2026-3361,Northwind Security,996.62,2026-05-20,2026-06-04,paid,PO-6564
INV-2026-2610,Everline Distribution,4357.0,2026-04-21,2026-05-21,overdue,PO-6630
INV-2026-4557,Quartz Design Studio,393.0,2026-05-13,2026-07-12,overdue,PO-6830
INV-2026-2805,Ridgeline HVAC,296.15,2026-02-14,2026-03-16,paid,PO-6714
INV-2026-2759,Delta Freight Solutions LLC,407.63,2026-06-22,2026-07-22,paid,PO-6395
INV-2026-3127,Wellspring Analytics,684.22,2026-03-08,2026-03-23,pending,PO-6090
INV-2026-3236,Everline Distribution,2622.67,2026-03-20,2026-04-19,pending,PO-6223
INV-2026-4338,Precision Print Shop,3070.65,2026-03-08,2026-04-07,overdue,PO-6897
INV-2026-3215,Riverside Cleaning Co,893.4,2026-05-07,2026-06-21,paid,PO-6517
INV-2026-2673,Riverside Cleaning Co,699.75,2026-06-10,2026-07-10,pending,PO-6194
INV-2026-4358,Northwind Security,248.19,2026-04-04,2026-05-04,overdue,PO-6790
INV-2026-5004,Wellspring Analytics,105.54,2026-03-11,2026-04-10,overdue,PO-6443
INV-2026-3924,Ridgeline HVAC,3237.41,2026-01-25,2026-02-24,pending,PO-6737
INV-2026-3318,Wellspring Analytics,369.24,2026-01-25,2026-03-11,overdue,PO-6145
INV-2026-3281,Baystate Facilities,579.06,2026-03-17,2026-04-16,paid,PO-6686
INV-2026-4031,Harborstone Consulting Group,90.16,2026-01-28,2026-02-27,pending,PO-6258
INV-2026-5200,Harborstone Consulting Group,967.68,2026-05-28,2026-06-12,pending,PO-6055
INV-2026-3813,Riverside Cleaning Co,3882.16,2026-05-04,2026-06-18,pending,PO-6392
INV-2026-3266,Northwind Security,2188.7,2026-03-18,2026-04-17,overdue,PO-6035
INV-2026-3224,Civic Square Legal,1656.78,2026-01-10,2026-02-24,overdue,PO-6785
INV-2026-3098,Precision Print Shop,528.32,2026-05-05,2026-06-04,overdue,PO-6837
INV-2026-4498,Pinnacle Telecom,575.32,2026-02-12,2026-03-14,pending,PO-6707
INV-2026-3586,Delta Freight Solutions LLC,1084.21,2026-05-09,2026-06-08,overdue,PO-6368
INV-2026-3437,Baystate Facilities,471.24,2026-03-09,2026-03-24,overdue,PO-6865
INV-2026-3128,Bluepeak Marketing,4800.78,2026-04-05,2026-05-20,pending,PO-6812
INV-2026-4688,Ridgeline HVAC,156.08,2026-03-08,2026-04-22,paid,PO-6936
INV-2026-5141,IRONCLAD LOGISTICS,1711.81,2026-05-11,2026-06-10,pending,PO-6578
INV-2026-2850,Fleetline Maintenance,424.97,2026-03-12,2026-05-11,overdue,PO-6570
INV-2026-2273,Meadowbrook Payroll,478.54,2026-01-05,2026-02-04,pending,PO-6974
INV-2026-3167,Summit Office Supplies,3298.03,2026-05-02,2026-07-01,paid,PO-6500
INV-2026-3986,Ironclad Logistics,628.38,2026-04-24,2026-06-23,paid,PO-6971
INV-2026-2771,Fleetline Maintenance,7932.99,2026-05-13,2026-05-28,pending,PO-6555
INV-2026-4861,Fleetline Maintenance,421.87,2026-03-30,2026-04-29,paid,PO-6917
INV-2026-2881,Civic Square Legal,155.7,2026-04-03,2026-04-18,paid,PO-6402
INV-2026-4078,Civic Square Legal,237.61,2026-02-10,2026-03-12,overdue,PO-6853
INV-2026-4178,Civic Square Legal,995.27,2026-05-10,2026-06-09,paid,PO-6435
INV-2026-2301,Trustpoint Insurance,4085.84,2026-06-29,2026-08-28,pending,PO-6447
INV-2026-3512,Delta Freight Solutions LLC,195.28,2026-05-25,2026-07-24,paid,PO-6310
INV-2026-3735,Harborstone Consulting Group,2529.16,2026-04-08,2026-04-23,pending,PO-6949
INV-2026-3916,Ridgeline HVAC,1502.21,2026-02-28,2026-04-14,overdue,PO-6146
INV-2026-2367,BluePeak Marketing,1228.08,2026-01-28,2026-02-27,pending,PO-6453
INV-2026-2000,Baystate Facilities,4385.13,2026-01-06,2026-01-21,overdue,PO-6835
INV-2026-4462,Delta Freight Solutions LLC,,2026-06-14,2026-08-13,pending,PO-6425
INV-2026-4170,Trustpoint Insurance,1252.97,2026-03-19,2026-04-18,pending,PO-6542
INV-2026-2029,Golden Valley Catering,2916.62,2026-03-16,2026-03-31,pending,PO-6750
INV-2026-4437,Golden Valley Catering,437.64,2026-05-13,2026-06-27,pending,PO-6965
INV-2026-2574,Fleetline Maintenance,432.94,2026-05-31,2026-07-30,paid,PO-6286
INV-2026-5011,Ironclad Logistics,1480.15,2026-05-05,2026-05-20,pending,PO-6618
INV-2026-5271,Zenith IT Consulting,569.2,2026-03-27,2026-04-26,overdue,PO-6976
INV-2026-2676,summit office supplies,518.17,2026-03-06,2026-04-05,pending,PO-6022
INV-2026-4698,Fleetline Maintenance,1270.25,2026-02-07,2026-03-09,paid,PO-6267
INV-2026-2488,Northwind Security,252.51,,2026-07-02,overdue,PO-6981
INV-2026-2541,Riverside Cleaning Co,425.69,2026-01-04,2026-02-03,paid,PO-6205
INV-2026-4397,BluePeak Marketing,4613.67,2026-03-15,2026-04-14,paid,PO-6690
INV-2026-2403,Harborstone Consulting,1177.48,2026-06-13,2026-07-28,pending,PO-6806
INV-2026-3105,Civic Square Legal,8785.69,2026-03-08,2026-05-07,paid,PO-6285
INV-2026-2263,Harborstone Consulting,771.46,2026-01-10,2026-03-11,pending,PO-6913
INV-2026-3091,Delta Freight Solutions,1149.66,2026-03-02,2026-04-01,overdue,PO-6230
INV-2026-4822,Baystate Facilities,372.52,2026-03-03,2026-04-02,pending,PO-6469
INV-2026-2898,Meadowbrook Payroll,9934.81,2026-05-21,2026-06-20,paid,PO-6190
INV-2026-4176,Pinnacle Telecom,1069.51,2026-04-17,2026-05-17,pending,PO-6946
INV-2026-5073,Meadowbrook Payroll,114.8,2026-02-17,2026-04-18,paid,PO-6754
INV-2026-3832,Fleetline Maintenance,1914.51,2026-04-18,2026-06-17,paid,PO-6777
INV-2026-2531,summit office supplies,388.73,2026-02-20,2026-03-07,paid,PO-6310
INV-2026-3755,Everline Distribution,7682.09,2026-03-25,2026-04-24,paid,PO-6292
INV-2026-4901,Ironclad Logistics,1101.98,2026-06-24,2026-08-23,overdue,PO-6152
INV-2026-4963,summit office supplies,1292.01,2026-05-17,2026-07-16,pending,PO-6268
INV-2026-3694,Zenith IT Consulting,1567.78,2026-05-04,2026-06-18,paid,PO-6760
INV-2026-5275,summit office supplies,162.8,2026-05-03,2026-06-02,paid,PO-6303
INV-2026-2300,Harborstone Consulting Group,115.52,2026-02-11,2026-03-13,paid,PO-6664
INV-2026-4833,Precision Print Shop,1315.72,2026-03-07,2026-04-06,pending,PO-6021
INV-2026-2690,Civic Square Legal,719.86,2026-05-05,2026-07-04,overdue,PO-6154
INV-2026-5264,Riverside Cleaning Co,336.04,2026-03-26,2026-04-25,paid,PO-6644
INV-2026-2530,Northwind Security,1859.6,2026-04-04,2026-05-04,pending,PO-6877
INV-2026-3055,Civic Square Legal,646.79,2026-04-28,2026-05-28,pending,PO-6216
INV-2026-4992,Summit Office Supplies,64.3,2026-05-28,2026-06-12,pending,PO-6341
INV-2026-3703,Quartz Design Studio,219.8,2026-01-22,2026-02-21,paid,PO-6552
INV-2026-2591,Civic Square Legal,188.2,2026-06-19,2026-08-03,paid,PO-6548
INV-2026-2291,Wellspring Analytics,1248.11,2026-01-23,2026-02-22,pending,PO-6496
INV-2026-4587,Pinnacle Telecom,3224.5,2026-05-29,2026-06-28,paid,PO-6593
INV-2026-4601,Baystate Facilities,336.75,2026-04-17,2026-05-17,pending,PO-6620
INV-2026-2993,Wellspring Analytics,8023.67,2026-01-16,2026-02-15,paid,PO-6843
INV-2026-3810,Delta Freight Solutions,365.81,2026-05-20,2026-06-04,pending,PO-6888
INV-2026-5103,Everline Distribution,261.44,2026-06-11,2026-06-26,overdue,PO-6839
INV-2026-4923,Precision Print Shop,232.35,2026-02-10,2026-03-12,pending,PO-6024
INV-2026-3821,Ironclad Logistics,8002.45,2026-01-08,2026-02-07,paid,PO-6064
INV-2026-4598,Everline Distribution,231.8,2026-02-17,2026-03-19,overdue,PO-6431
INV-2026-2656,Northwind Security,560.89,2026-05-03,2026-06-02,paid,PO-6108
INV-2026-2842,Summit Office Supplies,548.37,2026-02-22,2026-04-23,paid,PO-6277
INV-2026-2814,Ironclad Logistics,2105.4,2026-01-31,2026-03-02,pending,PO-6412
INV-2026-2577,SUMMIT OFFICE SUPPLIES,64.37,2026-04-13,2026-05-13,paid,PO-6797
INV-2026-3651,Riverside Cleaning Co,462.53,2026-01-18,2026-02-17,overdue,PO-6485
INV-2026-4343,Pinnacle Telecom,297.95,2026-01-16,2026-02-15,paid,PO-6115
INV-2026-5072,Northwind Security,381.81,2026-05-29,2026-06-28,overdue,PO-6377
INV-2026-3862,Fleetline Maintenance,1253.53,2026-03-19,2026-05-03,paid,PO-6764
INV-2026-3000,Precision Print Shop,999.39,2026-05-21,2026-06-20,paid,PO-6307
INV-2026-2899,IRONCLAD LOGISTICS,1068.09,2026-03-18,2026-04-02,overdue,PO-6203
INV-2026-2794,Ridgeline HVAC,1630.11,2026-03-11,2026-04-10,paid,PO-6583
INV-2026-5166,Northwind Security,695.71,2026-03-17,2026-05-01,overdue,PO-6553
INV-2026-3222,BluePeak Marketing,314.82,2026-05-17,2026-06-01,overdue,PO-6272
INV-2026-2586,Northwind Security,207.87,2026-03-27,2026-05-11,pending,PO-6527
INV-2026-3685,Riverside Cleaning Co,657.53,2026-03-27,2026-04-26,paid,PO-6632
INV-2026-3704,Riverside Cleaning Co,419.34,2026-05-01,2026-05-16,pending,PO-6009
INV-2026-3712,Zenith IT Consulting,2123.04,2026-03-13,2026-03-28,paid,PO-6694
INV-2026-4180,BluePeak Marketing,1393.45,2026-05-05,2026-05-20,overdue,PO-6618
INV-2026-4662,Wellspring Analytics,1473.86,2026-04-28,2026-06-27,pending,PO-6514
INV-2026-2067,Bluepeak Marketing,38678.85,2026-05-31,2026-06-30,paid,PO-6917
INV-2026-2612,Quartz Design Studio,3187.97,2026-06-03,2026-07-18,paid,PO-6788
INV-2026-3584,Pinnacle Telecom,2324.13,2026-02-21,2026-04-07,pending,PO-6482
INV-2026-3652,Baystate Facilities,309.27,2026-05-09,2026-06-08,overdue,PO-6185
INV-2026-3378,Delta Freight Solutions LLC,2641.47,2026-01-13,2026-01-28,pending,PO-6005
INV-2026-2768,Precision Print Shop,403.78,2026-01-17,2026-03-03,overdue,PO-6456
INV-2026-3362,Bluepeak Marketing,422.88,2026-05-24,2026-06-23,pending,PO-6817
INV-2026-5163,Northwind Security,99.06,2026-02-26,2026-03-13,paid,PO-6968
INV-2026-3985,Civic Square Legal,2387.61,2026-03-16,2026-04-15,pending,PO-6909
INV-2026-3267,Harborstone Consulting,4146.56,2026-01-06,2026-02-05,pending,PO-6128
INV-2026-5168,Quartz Design Studio,1350.6,2026-05-24,2026-07-08,paid,PO-6262
INV-2026-2131,Golden Valley Catering,3433.66,2026-05-11,2026-06-10,overdue,PO-6102
INV-2026-4876,Trustpoint Insurance,1117.68,2026-04-28,2026-05-28,overdue,PO-6185
INV-2026-5116,Meadowbrook Payroll,528.39,2026-05-05,2026-06-04,overdue,PO-6490
INV-2026-4931,Zenith IT Consulting,2125.75,2026-04-07,2026-05-07,paid,PO-6507
INV-2026-4842,Delta Freight Solutions LLC,2006.04,2026-04-21,2026-05-06,overdue,PO-6870
INV-2026-2055,Meadowbrook Payroll,5779.12,2026-02-15,2026-03-17,overdue,PO-6182
INV-2026-2817,Delta Freight Solutions LLC,12206.67,2026-01-22,2026-02-21,overdue,PO-6937
INV-2026-2265,Northwind Security,715.25,2026-06-12,2026-07-27,pending,PO-6133
INV-2026-2846,Everline Distribution,777.48,2026-06-25,2026-07-25,overdue,PO-6840
INV-2026-2581,Everline Distribution,568.71,2026-02-04,2026-03-06,pending,PO-6575
INV-2026-4210,Quartz Design Studio,50.35,2026-01-12,2026-01-27,overdue,PO-6486
INV-2026-3254,Ridgeline HVAC,163.48,2026-06-20,2026-08-19,overdue,PO-6445
INV-2026-4153,Delta Freight Solutions LLC,976.19,2026-06-14,2026-07-14,overdue,PO-6505
INV-2026-2133,Riverside Cleaning Co,822.47,2026-05-14,2026-06-13,paid,PO-6808
INV-2026-2615,Meadowbrook Payroll,347.55,2026-05-04,2026-07-03,overdue,PO-6411
INV-2026-4314,Civic Square Legal,921.69,2026-03-07,2026-05-06,paid,PO-6160
INV-2026-5109,Fleetline Maintenance,239.63,2026-02-23,2026-03-10,overdue,PO-6237
INV-2026-3221,Delta Freight Solutions,1169.9,2026-03-03,2026-05-02,paid,PO-6506
INV-2026-2163,Wellspring Analytics,253.92,2026-01-31,2026-02-15,paid,PO-6278
INV-2026-4602,Delta Freight Solutions,622.39,2026-06-04,2026-07-04,paid,PO-6707
INV-2026-2812,Golden Valley Catering,109.23,2026-04-23,2026-05-23,pending,PO-6508
INV-2026-3914,Meadowbrook Payroll,2824.6,2026-05-25,2026-07-09,paid,PO-6262
INV-2026-4519,Zenith IT Consulting,997.89,2026-04-29,2026-05-29,overdue,PO-6738
INV-2026-5082,Fleetline Maintenance,2402.37,2026-03-22,2026-04-21,overdue,PO-6006
INV-2026-5100,Baystate Facilities,572.58,2026-03-19,2026-04-18,paid,PO-6980
INV-2026-2783,BluePeak Marketing,1825.78,2026-06-17,2026-07-17,paid,PO-6894
INV-2026-2496,Golden Valley Catering,1499.96,2026-01-13,2026-02-12,paid,PO-6772
INV-2026-2526,Golden Valley Catering,598.71,2026-05-08,2026-05-23,overdue,PO-6331
INV-2026-4380,Quartz Design Studio,931.7,2026-05-12,2026-05-27,paid,PO-6370
INV-2026-3115,Fleetline Maintenance,3603.27,2026-03-03,2026-04-02,overdue,PO-6439
INV-2026-2420,summit office supplies,11391.92,2026-03-27,2026-05-26,overdue,PO-6883
INV-2026-4066,Ridgeline HVAC,732.04,2026-05-29,2026-06-28,pending,PO-6650
INV-2026-3109,Riverside Cleaning Co,3357.77,2026-05-21,2026-06-20,pending,PO-6591
INV-2026-2083,Ironclad Logistics,998.41,2026-03-07,2026-03-22,overdue,PO-6563
INV-2026-3324,Golden Valley Catering,224.2,2026-04-05,2026-05-20,paid,PO-6595
INV-2026-2429,summit office supplies,231.22,2026-02-02,2026-03-04,pending,PO-6278
INV-2026-5127,Pinnacle Telecom,855.68,2026-03-02,2026-04-01,overdue,PO-6676
INV-2026-4590,Precision Print Shop,1091.68,2026-04-15,2026-05-15,paid,PO-6968
INV-2026-2355,IRONCLAD LOGISTICS,4685.82,2026-03-14,2026-04-13,paid,PO-6755
INV-2026-3616,Wellspring Analytics,968.54,2026-04-13,2026-06-12,paid,PO-6895
INV-2026-4761,Northwind Security,666.53,2026-06-08,2026-06-23,paid,PO-6399
INV-2026-4522,Quartz Design Studio,3774.69,2026-04-03,2026-05-03,paid,PO-6746
INV-2026-3423,Quartz Design Studio,930.58,2026-05-05,2026-06-04,paid,PO-6910
INV-2026-3463,Golden Valley Catering,2221.8,2026-05-20,2026-06-19,paid,PO-6634
INV-2026-4674,summit office supplies,142.63,2026-04-19,2026-05-19,paid,PO-6307
INV-2026-4677,BluePeak Marketing,20179.71,2026-06-26,2026-08-10,pending,PO-6958
INV-2026-4432,Civic Square Legal,304.26,2026-01-21,2026-02-05,pending,PO-6247
INV-2026-2250,Meadowbrook Payroll,779.37,2026-04-05,2026-05-05,paid,PO-6077
INV-2026-4310,Pinnacle Telecom,,2026-05-26,2026-07-10,pending,PO-6731
INV-2026-2034,Wellspring Analytics,150.96,2026-04-25,2026-05-10,paid,PO-6217
INV-2026-3287,Trustpoint Insurance,482.29,2026-05-27,2026-07-11,pending,PO-6948
INV-2026-3099,Trustpoint Insurance,99.27,2026-05-27,2026-06-11,overdue,PO-6572
INV-2026-2285,Riverside Cleaning Co,2783.45,2026-04-29,2026-05-29,paid,PO-6214
INV-2026-2014,Meadowbrook Payroll,163.73,2026-04-11,2026-05-26,paid,PO-6054
INV-2026-4790,Ironclad Logistics,180.44,2026-04-13,2026-05-13,overdue,PO-6336
INV-2026-3460,Precision Print Shop,73.17,2026-06-17,2026-07-02,overdue,PO-6919
INV-2026-2579,BluePeak Marketing,411.8,,2026-05-29,paid,PO-6772
INV-2026-3440,Golden Valley Catering,1102.69,2026-04-12,2026-05-12,paid,PO-6821
INV-2026-5253,Civic Square Legal,2022.42,2026-03-24,2026-04-23,pending,PO-6615
INV-2026-2115,Harborstone Consulting,21097.25,2026-03-09,2026-04-08,paid,PO-6693
INV-2026-3312,Golden Valley Catering,409.23,2026-05-11,2026-06-25,overdue,PO-6282
INV-2026-3074,Zenith IT Consulting,427.57,2026-02-03,2026-03-05,paid,PO-6297
INV-2026-2732,Harborstone Consulting Group,723.92,2026-05-22,2026-06-06,paid,PO-6551
INV-2026-4288,Riverside Cleaning Co,99.75,2026-05-22,2026-07-21,overdue,PO-6870
INV-2026-4061,Everline Distribution,2294.63,2026-06-06,2026-07-06,paid,PO-6453
INV-2026-2713,Wellspring Analytics,339.1,2026-02-16,2026-03-18,paid,PO-6472
INV-2026-3073,BluePeak Marketing,2093.76,2026-01-04,2026-02-03,paid,PO-6125
INV-2026-2549,Trustpoint Insurance,734.44,2026-02-20,2026-03-07,overdue,PO-6982
INV-2026-3461,Harborstone Consulting Group,340.78,2026-01-05,2026-02-04,overdue,PO-6883
INV-2026-5140,Pinnacle Telecom,771.94,2026-03-28,2026-04-27,pending,PO-6223
INV-2026-4461,Harborstone Consulting Group,3050.46,2026-03-03,2026-04-17,pending,PO-6748
INV-2026-2639,Everline Distribution,464.2,2026-06-15,2026-07-15,pending,PO-6707
INV-2026-3525,Bluepeak Marketing,1344.88,2026-01-30,2026-02-14,paid,PO-6145
INV-2026-4965,Civic Square Legal,2018.37,2026-04-08,2026-06-07,paid,PO-6920
INV-2026-4958,SUMMIT OFFICE SUPPLIES,1039.19,2026-06-21,2026-08-05,overdue,PO-6197
INV-2026-4817,Ridgeline HVAC,2091.22,2026-05-09,2026-06-08,paid,PO-6967
INV-2026-3972,Zenith IT Consulting,3053.45,2026-04-18,2026-06-02,overdue,PO-6300
INV-2026-4843,Baystate Facilities,3466.32,2026-04-13,2026-04-28,pending,PO-6694
INV-2026-3661,Ironclad Logistics,1017.28,2026-06-09,2026-07-09,overdue,PO-6350
INV-2026-5139,Fleetline Maintenance,255.83,2026-04-14,2026-05-14,paid,PO-6824
INV-2026-5018,Fleetline Maintenance,1135.68,2026-03-29,2026-04-28,overdue,PO-6448
INV-2026-3429,Riverside Cleaning Co,8988.02,2026-02-01,2026-03-03,paid,PO-6804
INV-2026-4099,IRONCLAD LOGISTICS,146.66,2026-03-08,2026-05-07,pending,PO-6578
INV-2026-3764,Fleetline Maintenance,398.37,2026-04-11,2026-06-10,paid,PO-6985
INV-2026-4943,Fleetline Maintenance,485.58,2026-05-16,2026-07-15,pending,PO-6702
INV-2026-5012,Ridgeline HVAC,686.64,2026-06-23,2026-07-23,paid,PO-6800
INV-2026-4803,Meadowbrook Payroll,580.14,2026-05-22,2026-06-21,overdue,PO-6435
INV-2026-3791,Harborstone Consulting Group,1506.82,2026-01-28,2026-02-12,pending,PO-6865
INV-2026-4616,Civic Square Legal,2680.91,2026-05-01,2026-05-31,paid,PO-6805
INV-2026-3133,Golden Valley Catering,654.69,2026-01-17,2026-02-16,paid,PO-6404
INV-2026-4306,Zenith IT Consulting,977.93,,2026-07-18,overdue,PO-6728
INV-2026-3638,Delta Freight Solutions,429.41,2026-04-27,2026-05-27,pending,PO-6186
INV-2026-4704,Harborstone Consulting,577.58,2026-01-14,2026-02-13,paid,PO-6621
INV-2026-3232,Meadowbrook Payroll,2580.3,2026-05-11,2026-06-10,overdue,PO-6175
INV-2026-5161,Ridgeline HVAC,1263.42,2026-05-28,2026-06-27,pending,PO-6707
INV-2026-3068,Precision Print Shop,246.7,2026-06-12,2026-07-12,paid,PO-6067
INV-2026-2991,Northwind Security,194.11,2026-03-08,2026-04-07,pending,PO-6232
INV-2026-3366,Wellspring Analytics,845.24,2026-01-14,2026-03-15,pending,PO-6534
INV-2026-2154,Precision Print Shop,832.42,2026-05-12,2026-07-11,overdue,PO-6955
INV-2026-4675,Northwind Security,165.37,,2026-02-05,overdue,PO-6857
INV-2026-3401,Baystate Facilities,1226.57,2026-06-05,2026-06-20,paid,PO-6929
INV-2026-2950,Everline Distribution,1115.03,2026-04-28,2026-05-28,pending,PO-6855
INV-2026-4626,Civic Square Legal,1403.21,2026-06-07,2026-07-22,overdue,PO-6737
INV-2026-4505,Golden Valley Catering,911.07,2026-03-19,2026-05-03,pending,PO-6050
INV-2026-4477,SUMMIT OFFICE SUPPLIES,1959.61,2026-04-25,2026-06-09,overdue,PO-6600
INV-2026-4672,IRONCLAD LOGISTICS,6197.8,2026-04-13,2026-05-13,pending,PO-6891
INV-2026-3941,IRONCLAD LOGISTICS,501.19,2026-01-10,2026-03-11,paid,PO-6654
INV-2026-3315,BluePeak Marketing,491.48,2026-05-27,2026-06-26,pending,PO-6666
INV-2026-2299,Ridgeline HVAC,2207.81,2026-01-09,2026-02-08,overdue,PO-6560
INV-2026-4956,Baystate Facilities,4626.04,2026-01-20,2026-02-04,pending,PO-6593
INV-2026-4246,Fleetline Maintenance,122.72,2026-02-20,2026-03-22,paid,PO-6695
INV-2026-3807,Baystate Facilities,326.02,2026-06-13,2026-06-28,overdue,PO-6914
INV-2026-4076,Meadowbrook Payroll,1154.86,2026-01-28,2026-03-29,pending,PO-6399
INV-2026-4483,Delta Freight Solutions,698.13,2026-03-17,2026-05-16,paid,PO-6026
INV-2026-3753,Everline Distribution,1718.03,2026-04-17,2026-05-02,paid,PO-6916
INV-2026-3767,Northwind Security,288.63,2026-04-27,2026-06-11,pending,PO-6881
INV-2026-4605,IRONCLAD LOGISTICS,10404.82,2026-01-21,2026-03-07,paid,PO-6255
INV-2026-2756,summit office supplies,1855.62,2026-06-18,2026-07-18,paid,PO-6220
INV-2026-2915,Pinnacle Telecom,4809.09,2026-03-05,2026-04-04,pending,PO-6137
INV-2026-5067,Precision Print Shop,1429.25,2026-03-08,2026-03-23,overdue,PO-6762
INV-2026-3991,Delta Freight Solutions LLC,668.06,2026-05-15,2026-06-14,overdue,PO-6893
INV-2026-2436,Ridgeline HVAC,634.5,2026-04-18,2026-05-18,overdue,PO-6449
INV-2026-4732,Delta Freight Solutions LLC,1937.12,2026-02-25,2026-03-27,overdue,PO-6310
INV-2026-4524,Summit Office Supplies,628.09,2026-03-15,2026-04-29,pending,PO-6852
INV-2026-4224,Fleetline Maintenance,176.15,2026-02-09,2026-03-11,overdue,PO-6840
INV-2026-4812,Baystate Facilities,404.8,2026-05-06,2026-05-21,overdue,PO-6645
INV-2026-4494,Delta Freight Solutions,1698.09,2026-04-23,2026-05-23,pending,PO-6982
INV-2026-2896,Fleetline Maintenance,1169.95,2026-03-15,2026-05-14,overdue,PO-6313
INV-2026-4748,Delta Freight Solutions,,2026-06-06,2026-07-06,paid,PO-6731
INV-2026-2937,Meadowbrook Payroll,602.96,2026-02-03,2026-03-05,paid,PO-6825
INV-2026-5153,Quartz Design Studio,1818.59,2026-05-08,2026-06-07,paid,PO-6578
INV-2026-4050,IRONCLAD LOGISTICS,131.66,2026-04-22,2026-05-07,overdue,PO-6424
INV-2026-2314,Ridgeline HVAC,2417.91,2026-03-22,2026-04-06,paid,PO-6104
INV-2026-4259,Fleetline Maintenance,485.99,2026-03-10,2026-04-09,pending,PO-6659
INV-2026-3765,BluePeak Marketing,471.35,2026-06-25,2026-07-25,pending,PO-6088
INV-2026-3742,Riverside Cleaning Co,1043.76,2026-05-08,2026-07-07,overdue,PO-6797
INV-2026-4685,Ridgeline HVAC,234.71,2026-04-29,2026-05-29,paid,PO-6366
INV-2026-3249,Precision Print Shop,749.09,2026-05-22,2026-07-21,overdue,PO-6292
INV-2026-2134,Precision Print Shop,982.62,2026-05-17,2026-07-01,pending,PO-6953
INV-2026-3507,Harborstone Consulting Group,2997.82,2026-05-21,2026-06-20,pending,PO-6107
INV-2026-3169,Quartz Design Studio,2478.27,2026-06-25,2026-07-25,paid,PO-6725
INV-2026-2447,Precision Print Shop,687.7,2026-03-08,2026-04-07,overdue,PO-6850
INV-2026-2634,Zenith IT Consulting,442.21,2026-05-28,2026-06-12,pending,PO-6639
INV-2026-3602,Golden Valley Catering,55.98,2026-05-20,2026-06-19,paid,PO-6493
INV-2026-2465,Riverside Cleaning Co,885.45,2026-05-06,2026-07-05,overdue,PO-6682
INV-2026-3881,Ridgeline HVAC,454.34,2026-03-10,2026-04-09,pending,PO-6341
INV-2026-4884,Civic Square Legal,541.49,2026-06-10,2026-07-10,overdue,PO-6450
INV-2026-2659,Wellspring Analytics,1126.29,2026-04-28,2026-06-27,overdue,PO-6968
INV-2026-4916,Everline Distribution,795.33,2026-01-18,2026-02-17,paid,PO-6324
INV-2026-2642,Trustpoint Insurance,542.45,2026-01-02,2026-01-17,overdue,PO-6166
INV-2026-2387,Golden Valley Catering,4083.19,2026-02-26,2026-03-28,pending,PO-6136
INV-2026-2238,Ridgeline HVAC,356.44,2026-05-12,2026-06-26,pending,PO-6494
INV-2026-4771,Pinnacle Telecom,133.51,2026-02-15,2026-03-17,pending,PO-6360
INV-2026-3690,Ridgeline HVAC,2353.15,2026-06-29,2026-07-29,overdue,PO-6049
INV-2026-2080,Baystate Facilities,1931.15,2026-06-11,2026-07-11,paid,PO-6674
INV-2026-3480,Summit Office Supplies,3604.53,2026-05-02,2026-05-17,paid,PO-6179
INV-2026-4042,Ironclad Logistics,1729.35,2026-04-11,2026-04-26,overdue,PO-6734
INV-2026-4299,Summit Office Supplies,260.31,2026-06-05,2026-07-20,pending,PO-6209
INV-2026-4179,Zenith IT Consulting,516.34,2026-06-14,2026-08-13,pending,PO-6319
INV-2026-3806,Northwind Security,3776.58,2026-05-03,2026-06-17,paid,PO-6853
INV-2026-3902,Ridgeline HVAC,436.92,2026-04-30,2026-06-14,paid,PO-6760
INV-2026-2786,Civic Square Legal,635.88,2026-06-19,2026-08-03,overdue,PO-6521
INV-2026-4503,SUMMIT OFFICE SUPPLIES,454.5,2026-04-04,2026-05-19,pending,PO-6951
INV-2026-2173,Northwind Security,300.73,2026-01-05,2026-01-20,paid,PO-6112
INV-2026-5249,Golden Valley Catering,433.42,2026-01-27,2026-02-26,pending,PO-6436
INV-2026-4785,Wellspring Analytics,274.36,2026-02-18,2026-03-20,overdue,PO-6889
INV-2026-4902,Quartz Design Studio,877.28,2026-01-25,2026-02-24,pending,PO-6093
INV-2026-4118,Pinnacle Telecom,126.6,2026-02-13,2026-03-15,paid,PO-6784
INV-2026-3817,Pinnacle Telecom,2413.8,2026-01-10,2026-02-09,pending,PO-6451
INV-2026-5187,Quartz Design Studio,3050.77,2026-05-03,2026-07-02,paid,PO-6612
INV-2026-2269,Zenith IT Consulting,387.36,2026-06-04,2026-08-03,overdue,PO-6620
INV-2026-5107,Everline Distribution,1912.51,2026-06-28,2026-08-27,overdue,PO-6419
INV-2026-2774,Zenith IT Consulting,788.89,2026-06-04,2026-07-04,pending,PO-6591
INV-2026-4403,Trustpoint Insurance,994.63,2026-04-07,2026-06-06,pending,PO-6201
INV-2026-3598,Trustpoint Insurance,545.47,2026-06-19,2026-07-04,overdue,PO-6851
INV-2026-5199,Quartz Design Studio,2421.16,2026-01-26,2026-03-12,overdue,PO-6035
INV-2026-5028,Fleetline Maintenance,620.3,2026-01-06,2026-03-07,pending,PO-6309
INV-2026-3487,Ridgeline HVAC,2691.69,2026-04-27,2026-05-27,paid,PO-6531
INV-2026-4977,Ridgeline HVAC,451.3,2026-01-11,2026-02-25,pending,PO-6937
INV-2026-3978,Precision Print Shop,667.72,2026-06-22,2026-07-22,pending,PO-6855
INV-2026-2510,IRONCLAD LOGISTICS,250.92,2026-01-20,2026-03-06,paid,PO-6106
INV-2026-3728,Trustpoint Insurance,694.78,2026-01-05,2026-02-04,pending,PO-6912
INV-2026-5019,Everline Distribution,489.27,2026-02-12,2026-03-14,overdue,PO-6248
INV-2026-5279,Meadowbrook Payroll,,2026-04-01,2026-04-16,paid,PO-6177
INV-2026-2423,Ironclad Logistics,1280.31,2026-04-05,2026-05-20,pending,PO-6139
INV-2026-3111,Fleetline Maintenance,1213.77,2026-06-26,2026-07-26,overdue,PO-6091
INV-2026-2123,BluePeak Marketing,,2026-05-06,2026-07-05,paid,PO-6983
INV-2026-4711,Trustpoint Insurance,4315.43,2026-01-09,2026-02-23,paid,PO-6982
INV-2026-4029,Trustpoint Insurance,19.24,2026-06-16,2026-07-16,pending,PO-6251
INV-2026-2903,Everline Distribution,2466.51,2026-05-07,2026-05-22,overdue,PO-6721
INV-2026-4649,Precision Print Shop,2166.79,2026-01-16,2026-03-17,overdue,PO-6555
INV-2026-3421,IRONCLAD LOGISTICS,2359.47,2026-03-28,2026-04-27,overdue,PO-6053
INV-2026-4585,Golden Valley Catering,854.4,2026-01-15,2026-03-01,pending,PO-6196
INV-2026-5095,Northwind Security,395.38,2026-01-12,2026-03-13,paid,PO-6473
INV-2026-3666,Trustpoint Insurance,2676.84,2026-05-10,2026-05-25,overdue,PO-6678
INV-2026-4450,Golden Valley Catering,539.7,2026-06-22,2026-07-22,overdue,PO-6547
INV-2026-2964,Everline Distribution,62.13,2026-03-27,2026-05-26,paid,PO-6102
INV-2026-3456,Golden Valley Catering,105.51,2026-01-06,2026-02-05,overdue,PO-6121
INV-2026-2431,Civic Square Legal,768.86,2026-01-12,2026-02-11,pending,PO-6422
INV-2026-4664,Zenith IT Consulting,,2026-01-15,2026-03-01,overdue,PO-6662
INV-2026-3205,Meadowbrook Payroll,1874.44,2026-05-24,2026-06-23,overdue,PO-6714
INV-2026-5282,Trustpoint Insurance,1180.0,2026-03-04,2026-03-19,paid,PO-6702
INV-2026-4124,Pinnacle Telecom,973.86,2026-06-06,2026-07-06,paid,PO-6534
INV-2026-4671,Fleetline Maintenance,1083.23,2026-04-08,2026-05-08,overdue,PO-6015
INV-2026-2108,Ironclad Logistics,591.09,2026-06-27,2026-08-26,overdue,PO-6979
INV-2026-3747,Delta Freight Solutions,1130.65,2026-06-14,2026-06-29,paid,PO-6942
INV-2026-4386,Golden Valley Catering,811.85,2026-04-10,2026-05-10,overdue,PO-6988
INV-2026-2996,Summit Office Supplies,387.33,2026-01-08,2026-02-22,pending,PO-6780
INV-2026-5276,Meadowbrook Payroll,5200.0,2026-01-02,2026-01-17,paid,PO-6944
INV-2026-3688,Zenith IT Consulting,191.65,2026-01-06,2026-02-05,overdue,PO-6028
INV-2026-3214,Ironclad Logistics,18792.96,2026-05-12,2026-05-27,pending,PO-6750
INV-2026-2003,Precision Print Shop,830.73,2026-05-08,2026-06-07,overdue,PO-6529
INV-2026-2944,Trustpoint Insurance,364.77,2026-02-13,2026-03-15,overdue,PO-6641
INV-2026-2953,Zenith IT Consulting,674.13,2026-02-12,2026-03-14,overdue,PO-6523
INV-2026-2684,Pinnacle Telecom,639.39,2026-06-11,2026-08-10,pending,PO-6635
INV-2026-3160,Harborstone Consulting Group,3284.62,2026-03-29,2026-04-13,pending,PO-6343
INV-2026-4013,Pinnacle Telecom,878.52,2026-06-04,2026-07-04,paid,PO-6375
INV-2026-4832,Quartz Design Studio,495.26,2026-05-04,2026-05-19,pending,PO-6568
INV-2026-2225,Harborstone Consulting Group,680.49,2026-06-01,2026-07-01,pending,PO-6336
INV-2026-3116,Precision Print Shop,1227.64,2026-06-18,2026-07-18,paid,PO-6380
INV-2026-3125,IRONCLAD LOGISTICS,503.25,2026-05-03,2026-06-02,pending,PO-6570
INV-2026-3441,Quartz Design Studio,89.03,2026-04-12,2026-05-12,overdue,PO-6691
INV-2026-3001,Bluepeak Marketing,1022.28,2026-02-15,2026-04-16,overdue,PO-6387
INV-2026-3300,Meadowbrook Payroll,155.98,2026-06-17,2026-07-17,overdue,PO-6645
INV-2026-4298,Delta Freight Solutions LLC,3499.37,2026-01-27,2026-02-26,overdue,PO-6981
INV-2026-2536,Wellspring Analytics,745.22,2026-06-21,2026-07-21,overdue,PO-6887
INV-2026-4183,Zenith IT Consulting,230.81,2026-03-14,2026-04-13,paid,PO-6796
INV-2026-4036,Ridgeline HVAC,237.42,2026-06-28,2026-07-28,pending,PO-6149
INV-2026-3256,Ridgeline HVAC,226.65,2026-06-10,2026-07-10,paid,PO-6539
INV-2026-3003,Wellspring Analytics,1144.31,2026-05-09,2026-07-08,paid,PO-6522
INV-2026-2497,Everline Distribution,1267.46,2026-05-13,2026-06-12,overdue,PO-6968
INV-2026-3749,Golden Valley Catering,250.05,2026-02-23,2026-03-25,pending,PO-6030
INV-2026-3578,Delta Freight Solutions LLC,1289.44,2026-06-18,2026-08-17,paid,PO-6095
INV-2026-4088,Trustpoint Insurance,250.88,2026-06-10,2026-06-25,paid,PO-6706
INV-2026-3646,Trustpoint Insurance,161.34,2026-01-07,2026-02-21,overdue,PO-6783
INV-2026-2767,Northwind Security,951.57,2026-05-25,2026-06-09,pending,PO-6098
INV-2026-4208,Ridgeline HVAC,801.86,2026-01-12,2026-02-11,overdue,PO-6001
INV-2026-5155,Fleetline Maintenance,720.3,2026-05-31,2026-07-30,pending,PO-6222
INV-2026-2592,Wellspring Analytics,626.22,2026-02-08,2026-03-10,pending,PO-6747
INV-2026-4241,Zenith IT Consulting,372.39,2026-01-12,2026-01-27,paid,PO-6185
INV-2026-2026,Ridgeline HVAC,50.63,2026-02-13,2026-02-28,paid,PO-6036
INV-2026-3136,Precision Print Shop,505.68,2026-01-26,2026-03-12,overdue,PO-6274
INV-2026-2380,Baystate Facilities,860.56,2026-02-14,2026-04-15,pending,PO-6966
INV-2026-3966,Baystate Facilities,310.63,2026-01-06,2026-02-05,overdue,PO-6510
INV-2026-3110,SUMMIT OFFICE SUPPLIES,143.86,2026-04-18,2026-05-18,pending,PO-6407
INV-2026-2457,summit office supplies,557.51,2026-03-20,2026-05-04,paid,PO-6619
INV-2026-3869,Harborstone Consulting,718.51,,2026-05-25,paid,PO-6112
INV-2026-3369,Ridgeline HVAC,511.73,2026-04-27,2026-05-27,overdue,PO-6636
INV-2026-3564,Quartz Design Studio,533.84,2026-02-03,2026-02-18,pending,PO-6023
INV-2026-5058,Northwind Security,613.78,2026-05-04,2026-06-03,paid,PO-6224
INV-2026-3008,Ironclad Logistics,198.57,2026-02-24,2026-04-25,paid,PO-6210
INV-2026-2448,Zenith IT Consulting,1607.01,2026-05-24,2026-06-23,overdue,PO-6621
INV-2026-4245,Fleetline Maintenance,98.65,2026-04-02,2026-06-01,paid,PO-6749
INV-2026-4390,Everline Distribution,621.4,2026-02-20,2026-04-21,paid,PO-6166
INV-2026-3648,Civic Square Legal,1918.53,2026-02-18,2026-03-05,paid,PO-6660
INV-2026-3328,Summit Office Supplies,956.31,2026-04-30,2026-05-15,pending,PO-6763
INV-2026-3425,Fleetline Maintenance,112.61,2026-03-31,2026-04-30,paid,PO-6540
INV-2026-3922,Ridgeline HVAC,93.43,2026-02-17,2026-03-04,paid,PO-6950
INV-2026-4888,Northwind Security,2523.41,2026-05-14,2026-05-29,overdue,PO-6957
INV-2026-3516,Ironclad Logistics,4219.48,2026-05-20,2026-07-19,pending,PO-6115
INV-2026-3233,Baystate Facilities,1885.08,2026-04-18,2026-06-02,paid,PO-6112
INV-2026-2383,Meadowbrook Payroll,5286.26,2026-03-27,2026-05-11,pending,PO-6790
INV-2026-2660,Trustpoint Insurance,1473.45,2026-06-08,2026-07-08,pending,PO-6648
INV-2026-4458,Fleetline Maintenance,1254.68,2026-01-12,2026-02-26,pending,PO-6402
INV-2026-2366,Precision Print Shop,580.74,2026-01-12,2026-03-13,pending,PO-6104
INV-2026-4554,Everline Distribution,286.17,2026-06-28,2026-08-27,pending,PO-6330
INV-2026-3709,Civic Square Legal,262.97,2026-04-10,2026-05-10,overdue,PO-6605
INV-2026-3044,Riverside Cleaning Co,872.81,2026-02-08,2026-03-10,paid,PO-6396
INV-2026-2114,Northwind Security,851.05,2026-06-09,2026-07-09,pending,PO-6112
INV-2026-2476,Precision Print Shop,435.57,2026-04-18,2026-05-18,paid,PO-6210
INV-2026-3952,Precision Print Shop,3360.76,2026-06-24,2026-08-08,pending,PO-6288
INV-2026-3626,Baystate Facilities,302.39,2026-04-14,2026-04-29,pending,PO-6501
INV-2026-4264,Civic Square Legal,3315.49,2026-04-02,2026-06-01,pending,PO-6290
INV-2026-4161,Wellspring Analytics,950.3,2026-02-24,2026-03-11,overdue,PO-6315
INV-2026-4777,Fleetline Maintenance,573.55,,2026-02-28,paid,PO-6633
INV-2026-5242,SUMMIT OFFICE SUPPLIES,268.91,2026-02-18,2026-03-20,pending,PO-6507
INV-2026-4152,Quartz Design Studio,354.51,2026-05-15,2026-06-29,pending,PO-6287
INV-2026-4140,Meadowbrook Payroll,844.95,2026-01-13,2026-02-27,paid,PO-6397
INV-2026-2561,Harborstone Consulting,225.16,2026-03-01,2026-03-31,overdue,PO-6657
INV-2026-4889,Riverside Cleaning Co,333.19,2026-03-25,2026-04-24,overdue,PO-6809
INV-2026-5118,Zenith IT Consulting,2720.28,2026-05-13,2026-06-12,overdue,PO-6140
INV-2026-4292,Ridgeline HVAC,1162.23,2026-02-17,2026-03-19,pending,PO-6577
INV-2026-4353,IRONCLAD LOGISTICS,688.42,2026-03-14,2026-05-13,pending,PO-6716
INV-2026-4618,IRONCLAD LOGISTICS,377.81,2026-04-01,2026-04-16,pending,PO-6025
INV-2026-3129,Wellspring Analytics,2780.04,2026-05-30,2026-07-14,paid,PO-6217
INV-2026-3714,Delta Freight Solutions,617.8,2026-04-06,2026-05-21,overdue,PO-6300
INV-2026-5273,Trustpoint Insurance,146.19,2026-03-19,2026-04-18,pending,PO-6420
INV-2026-3485,Wellspring Analytics,303.84,2026-06-13,2026-06-28,paid,PO-6573
INV-2026-3871,Northwind Security,1109.43,2026-04-16,2026-05-16,pending,PO-6506
INV-2026-4240,Summit Office Supplies,263.25,2026-04-27,2026-06-11,overdue,PO-6992
INV-2026-4423,Golden Valley Catering,151.19,2026-06-12,2026-07-12,pending,PO-6468
INV-2026-3931,Precision Print Shop,651.49,2026-04-23,2026-05-08,overdue,PO-6898
INV-2026-3621,summit office supplies,3069.82,2026-01-15,2026-03-16,pending,PO-6307
INV-2026-4104,IRONCLAD LOGISTICS,1582.1,2026-03-03,2026-04-02,overdue,PO-6681
INV-2026-2907,Precision Print Shop,1872.71,2026-02-28,2026-04-29,overdue,PO-6491
INV-2026-4472,Everline Distribution,419.98,2026-03-26,2026-04-25,paid,PO-6108
INV-2026-4840,Delta Freight Solutions,2410.64,2026-04-10,2026-05-25,paid,PO-6990
INV-2026-4841,Harborstone Consulting Group,1432.13,2026-02-17,2026-03-19,paid,PO-6051
INV-2026-4110,Zenith IT Consulting,140.52,2026-01-11,2026-02-25,pending,PO-6556
INV-2026-3968,Civic Square Legal,101.42,2026-06-13,2026-07-28,overdue,PO-6193
INV-2026-2512,Northwind Security,6441.12,,2026-03-22,overdue,PO-6742
INV-2026-3892,Riverside Cleaning Co,989.57,2026-01-15,2026-02-14,paid,PO-6098
INV-2026-3041,Fleetline Maintenance,222.6,2026-05-03,2026-07-02,paid,PO-6122
INV-2026-3754,Northwind Security,104.08,2026-06-10,2026-08-09,pending,PO-6246
INV-2026-2960,Trustpoint Insurance,1336.17,2026-05-19,2026-06-18,overdue,PO-6322
INV-2026-4254,Zenith IT Consulting,1633.3,2026-04-01,2026-05-01,overdue,PO-6275
INV-2026-3901,Precision Print Shop,651.84,2026-01-01,2026-01-16,overdue,PO-6832
INV-2026-4936,Trustpoint Insurance,1158.78,2026-06-19,2026-07-19,overdue,PO-6760
INV-2026-4879,Quartz Design Studio,558.04,2026-04-15,2026-05-15,pending,PO-6940
INV-2026-3367,Meadowbrook Payroll,1710.99,2026-02-16,2026-03-18,pending,PO-6129
INV-2026-2320,Meadowbrook Payroll,1529.58,2026-01-01,2026-01-16,paid,PO-6370
INV-2026-4740,Delta Freight Solutions,2758.82,2026-01-28,2026-03-29,paid,PO-6307
INV-2026-3496,Pinnacle Telecom,1756.74,2026-06-14,2026-08-13,overdue,PO-6609
INV-2026-2467,Baystate Facilities,745.84,2026-03-23,2026-04-07,pending,PO-6393
INV-2026-3471,Quartz Design Studio,210.8,2026-04-30,2026-06-29,paid,PO-6407
INV-2026-2422,Ironclad Logistics,366.16,2026-04-05,2026-05-05,paid,PO-6705
INV-2026-3642,Northwind Security,3823.86,2026-03-29,2026-05-13,pending,PO-6125
INV-2026-3489,Riverside Cleaning Co,122.87,2026-02-25,2026-03-27,overdue,PO-6006
INV-2026-4270,summit office supplies,766.37,2026-04-23,2026-05-23,overdue,PO-6755
INV-2026-3556,Northwind Security,2628.86,2026-01-28,2026-03-29,paid,PO-6130
INV-2026-2905,Everline Distribution,4299.78,2026-03-18,2026-04-17,pending,PO-6862
INV-2026-2112,summit office supplies,146.56,2026-01-28,2026-02-27,pending,PO-6775
INV-2026-2780,Summit Office Supplies,2456.87,2026-04-21,2026-05-21,paid,PO-6256
INV-2026-3482,Everline Distribution,3004.12,2026-02-14,2026-03-31,overdue,PO-6947
INV-2026-5048,Riverside Cleaning Co,177.38,2026-04-10,2026-04-25,paid,PO-6226
INV-2026-2469,Harborstone Consulting,,2026-05-11,2026-07-10,pending,PO-6518
INV-2026-3515,Riverside Cleaning Co,,2026-06-22,2026-08-21,overdue,PO-6292
INV-2026-4273,Riverside Cleaning Co,1297.26,2026-03-31,2026-04-30,paid,PO-6610
INV-2026-4239,Baystate Facilities,1300.14,2026-05-29,2026-06-13,overdue,PO-6608
INV-2026-3919,Pinnacle Telecom,6635.71,2026-02-16,2026-03-18,overdue,PO-6526
INV-2026-3913,BluePeak Marketing,2197.46,2026-03-24,2026-04-23,pending,PO-6082
INV-2026-2784,Everline Distribution,289.38,2026-05-23,2026-06-07,paid,PO-6056
INV-2026-2889,Baystate Facilities,363.9,2026-05-08,2026-06-07,overdue,PO-6989
INV-2026-4072,Ridgeline HVAC,207.48,2026-02-04,2026-02-19,overdue,PO-6477
INV-2026-3166,Golden Valley Catering,1480.1,2026-02-24,2026-03-26,overdue,PO-6065
INV-2026-3777,Quartz Design Studio,110.69,2026-05-13,2026-06-12,pending,PO-6651
INV-2026-4569,Everline Distribution,7985.44,2026-04-07,2026-05-07,overdue,PO-6339
INV-2026-2828,Pinnacle Telecom,437.43,2026-03-29,2026-04-28,paid,PO-6708
INV-2026-4336,Ridgeline HVAC,6008.5,2026-05-07,2026-07-06,overdue,PO-6384
INV-2026-2927,Everline Distribution,371.91,2026-06-03,2026-07-03,paid,PO-6305
INV-2026-3853,Ridgeline HVAC,1843.32,2026-03-24,2026-04-23,paid,PO-6992
INV-2026-3546,Ironclad Logistics,108.44,2026-04-10,2026-04-25,paid,PO-6733
INV-2026-5135,Northwind Security,132.47,2026-05-19,2026-07-18,overdue,PO-6790
INV-2026-3600,Northwind Security,273.62,2026-03-31,2026-04-15,overdue,PO-6986
INV-2026-4886,Harborstone Consulting,1286.19,2026-02-15,2026-03-17,overdue,PO-6246
INV-2026-4405,Pinnacle Telecom,3239.53,2026-02-05,2026-03-07,overdue,PO-6892
INV-2026-4022,Zenith IT Consulting,893.15,2026-01-20,2026-03-06,overdue,PO-6635
INV-2026-4757,Golden Valley Catering,104.2,2026-02-16,2026-04-17,overdue,PO-6388
INV-2026-5170,IRONCLAD LOGISTICS,262.66,2026-04-16,2026-05-16,overdue,PO-6170
INV-2026-2935,Everline Distribution,448.25,2026-03-12,2026-04-11,overdue,PO-6393
INV-2026-2244,Fleetline Maintenance,294.48,2026-04-21,2026-05-21,pending,PO-6121
INV-2026-3741,Wellspring Analytics,417.27,2026-02-22,2026-04-23,paid,PO-6875
INV-2026-3002,SUMMIT OFFICE SUPPLIES,541.33,2026-05-17,2026-06-16,overdue,PO-6104
INV-2026-4305,Civic Square Legal,844.04,2026-03-01,2026-04-15,paid,PO-6488
INV-2026-4946,Ridgeline HVAC,708.98,2026-02-10,2026-03-12,paid,PO-6792
INV-2026-3379,Civic Square Legal,8178.14,2026-02-21,2026-04-07,pending,PO-6063
INV-2026-3629,Everline Distribution,2013.57,2026-03-30,2026-04-14,pending,PO-6213
INV-2026-2490,Trustpoint Insurance,804.86,2026-05-02,2026-07-01,paid,PO-6340
INV-2026-4447,Ironclad Logistics,2520.35,2026-04-17,2026-06-01,paid,PO-6335
INV-2026-4092,Pinnacle Telecom,583.12,2026-05-22,2026-07-06,overdue,PO-6275
INV-2026-3713,Delta Freight Solutions,800.86,2026-02-08,2026-03-10,pending,PO-6521
INV-2026-4645,Baystate Facilities,180.07,2026-03-26,2026-04-25,pending,PO-6832
INV-2026-2611,Quartz Design Studio,2352.94,2026-04-04,2026-06-03,paid,PO-6914
INV-2026-4060,Quartz Design Studio,7061.1,,2026-04-28,overdue,PO-6328
INV-2026-3994,Quartz Design Studio,2541.7,2026-02-13,2026-03-15,paid,PO-6974
INV-2026-2455,Northwind Security,423.78,2026-01-10,2026-02-09,pending,PO-6175
INV-2026-2040,Meadowbrook Payroll,2135.12,2026-02-02,2026-03-19,paid,PO-6700
INV-2026-3238,Zenith IT Consulting,11264.49,2026-06-09,2026-07-24,overdue,PO-6268
INV-2026-4159,Riverside Cleaning Co,1075.28,2026-05-07,2026-06-06,pending,PO-6113
INV-2026-4955,Baystate Facilities,258.7,2026-01-15,2026-03-01,paid,PO-6664
INV-2026-4441,Trustpoint Insurance,4828.91,2026-04-07,2026-05-07,pending,PO-6287
INV-2026-4947,Ridgeline HVAC,104.28,2026-06-04,2026-08-03,paid,PO-6605
INV-2026-4199,Ridgeline HVAC,2536.71,2026-01-28,2026-02-12,pending,PO-6542
INV-2026-2428,Riverside Cleaning Co,553.73,2026-05-20,2026-06-19,pending,PO-6401
INV-2026-4197,Harborstone Consulting Group,82.71,2026-02-19,2026-03-06,overdue,PO-6287
INV-2026-2928,Harborstone Consulting,398.47,2026-03-15,2026-04-29,paid,PO-6068
INV-2026-3306,IRONCLAD LOGISTICS,473.14,2026-02-19,2026-03-21,overdue,PO-6060
INV-2026-2603,Meadowbrook Payroll,241.32,2026-01-21,2026-03-07,pending,PO-6906
INV-2026-4639,Fleetline Maintenance,3171.64,,2026-08-16,paid,PO-6486
INV-2026-4705,Wellspring Analytics,1168.77,2026-03-20,2026-04-19,overdue,PO-6763
INV-2026-4111,Riverside Cleaning Co,1501.79,2026-05-30,2026-06-29,paid,PO-6661
INV-2026-3295,summit office supplies,162.8,2026-04-28,2026-05-28,overdue,PO-6293
INV-2026-2675,Everline Distribution,738.15,,2026-02-27,pending,PO-6857
INV-2026-5261,Fleetline Maintenance,238.02,2026-02-05,2026-03-07,paid,PO-6783
INV-2026-4369,BluePeak Marketing,571.84,2026-01-28,2026-02-27,paid,PO-6222
INV-2026-3559,Fleetline Maintenance,477.34,2026-02-28,2026-03-30,overdue,PO-6694
INV-2026-3087,Trustpoint Insurance,347.55,2026-04-23,2026-05-23,paid,PO-6957
INV-2026-2617,BluePeak Marketing,1637.49,2026-05-21,2026-06-20,pending,PO-6949
INV-2026-2940,Ridgeline HVAC,131.52,2026-06-23,2026-07-23,overdue,PO-6878
INV-2026-5025,Wellspring Analytics,4078.28,2026-01-24,2026-02-23,pending,PO-6214
INV-2026-2539,Quartz Design Studio,105.11,2026-06-26,2026-07-26,overdue,PO-6690
INV-2026-4501,Civic Square Legal,855.24,2026-02-05,2026-02-20,pending,PO-6734
INV-2026-5185,Zenith IT Consulting,558.86,2026-03-17,2026-04-01,pending,PO-6066
INV-2026-2165,Baystate Facilities,219.54,2026-01-08,2026-02-07,overdue,PO-6273
INV-2026-3364,Ridgeline HVAC,,2026-02-07,2026-03-24,paid,PO-6770
INV-2026-4636,Trustpoint Insurance,563.27,2026-03-10,2026-05-09,pending,PO-6434
INV-2026-4427,Fleetline Maintenance,1259.59,2026-03-05,2026-05-04,paid,PO-6025
INV-2026-2972,Bluepeak Marketing,27087.92,2026-02-25,2026-03-27,paid,PO-6621
INV-2026-2520,Ironclad Logistics,1887.46,2026-05-09,2026-05-24,pending,PO-6380
INV-2026-4045,Quartz Design Studio,1135.09,2026-03-01,2026-04-30,paid,PO-6192
INV-2026-3092,Everline Distribution,563.56,2026-03-01,2026-03-16,overdue,PO-6143
INV-2026-2503,Trustpoint Insurance,2054.83,2026-01-11,2026-02-25,overdue,PO-6261
INV-2026-2279,Pinnacle Telecom,588.03,2026-06-22,2026-07-07,overdue,PO-6248
INV-2026-3292,Baystate Facilities,305.11,2026-01-08,2026-01-23,paid,PO-6339
INV-2026-3390,Trustpoint Insurance,2033.47,2026-05-14,2026-06-13,paid,PO-6130
INV-2026-2035,Delta Freight Solutions,1744.99,2026-05-31,2026-06-15,pending,PO-6427
INV-2026-4651,Meadowbrook Payroll,184.34,2026-03-16,2026-05-15,overdue,PO-6167
INV-2026-4123,Golden Valley Catering,251.66,2026-04-07,2026-04-22,pending,PO-6018
INV-2026-4622,Delta Freight Solutions,971.14,2026-05-03,2026-06-17,overdue,PO-6014
INV-2026-3296,Golden Valley Catering,3334.61,2026-06-13,2026-06-28,paid,PO-6424
INV-2026-4303,Precision Print Shop,1063.88,2026-05-14,2026-07-13,paid,PO-6336
INV-2026-3900,Precision Print Shop,1251.86,2026-01-16,2026-02-15,overdue,PO-6225
INV-2026-2444,Baystate Facilities,72.38,2026-03-27,2026-04-26,paid,PO-6805
INV-2026-3434,Quartz Design Studio,1482.25,2026-02-03,2026-03-05,pending,PO-6077
INV-2026-2827,Summit Office Supplies,76.84,2026-04-04,2026-05-19,overdue,PO-6407
INV-2026-2697,Golden Valley Catering,1030.89,2026-05-10,2026-05-25,paid,PO-6496
INV-2026-2793,Fleetline Maintenance,5454.17,2026-03-20,2026-04-19,overdue,PO-6323
INV-2026-4307,Delta Freight Solutions,473.46,2026-03-14,2026-04-28,pending,PO-6929
INV-2026-4315,Harborstone Consulting Group,7916.92,2026-02-22,2026-03-24,paid,PO-6476
INV-2026-2084,Trustpoint Insurance,1351.63,2026-03-16,2026-04-15,paid,PO-6960
INV-2026-3710,Zenith IT Consulting,503.77,2026-03-08,2026-05-07,pending,PO-6331
INV-2026-3946,Ridgeline HVAC,427.16,2026-02-15,2026-04-01,pending,PO-6346
INV-2026-2726,Ironclad Logistics,1953.12,2026-01-28,2026-02-27,pending,PO-6501
INV-2026-4818,Trustpoint Insurance,490.06,2026-04-27,2026-05-12,pending,PO-6094
INV-2026-5238,Civic Square Legal,345.93,2026-05-06,2026-06-05,overdue,PO-6166
INV-2026-2357,Everline Distribution,523.45,2026-02-07,2026-04-08,overdue,PO-6566
INV-2026-4117,Everline Distribution,31.25,2026-06-05,2026-07-20,pending,PO-6286
INV-2026-4010,Golden Valley Catering,508.08,2026-06-03,2026-07-03,pending,PO-6618
INV-2026-3818,Fleetline Maintenance,262.34,2026-06-02,2026-08-01,pending,PO-6887
INV-2026-2666,Zenith IT Consulting,1057.61,2026-04-13,2026-05-28,paid,PO-6628
INV-2026-4137,Harborstone Consulting Group,511.65,2026-03-18,2026-05-17,overdue,PO-6353
INV-2026-5138,Bluepeak Marketing,134.26,2026-04-18,2026-06-02,overdue,PO-6674
INV-2026-2223,Ridgeline HVAC,2487.53,2026-04-05,2026-05-05,pending,PO-6821
INV-2026-2791,Ironclad Logistics,1457.92,2026-02-26,2026-03-13,paid,PO-6096
INV-2026-2811,BluePeak Marketing,928.56,2026-06-25,2026-07-25,pending,PO-6056
INV-2026-3391,Summit Office Supplies,959.41,2026-02-10,2026-03-27,pending,PO-6645
INV-2026-4217,Golden Valley Catering,1266.83,2026-06-27,2026-08-26,overdue,PO-6583
INV-2026-4416,Everline Distribution,485.64,2026-05-24,2026-07-23,overdue,PO-6557
INV-2026-4319,Trustpoint Insurance,3917.97,2026-01-31,2026-02-15,paid,PO-6605
INV-2026-2865,Precision Print Shop,141.06,2026-02-21,2026-03-23,paid,PO-6719
INV-2026-3273,BluePeak Marketing,92.76,2026-05-03,2026-06-02,pending,PO-6760
INV-2026-2125,Harborstone Consulting Group,199.19,2026-05-17,2026-06-01,overdue,PO-6916
INV-2026-2242,Delta Freight Solutions LLC,2084.87,2026-04-14,2026-04-29,overdue,PO-6275
INV-2026-3076,Northwind Security,3438.3,2026-05-21,2026-07-20,paid,PO-6228
INV-2026-5208,Northwind Security,2075.12,2026-03-18,2026-04-17,pending,PO-6956
INV-2026-3911,Bluepeak Marketing,2821.28,2026-01-09,2026-02-08,overdue,PO-6304
INV-2026-2268,Delta Freight Solutions LLC,281.99,2026-05-31,2026-06-30,overdue,PO-6845
INV-2026-2439,Ridgeline HVAC,748.61,2026-06-23,2026-07-23,paid,PO-6883
INV-2026-3342,Ironclad Logistics,438.12,2026-04-29,2026-06-13,paid,PO-6791
INV-2026-5278,Meadowbrook Payroll,5200.0,2026-03-04,2026-03-19,paid,PO-6446
INV-2026-4232,SUMMIT OFFICE SUPPLIES,1491.36,2026-01-18,2026-02-02,paid,PO-6509
INV-2026-4683,Harborstone Consulting Group,1303.88,2026-06-29,2026-08-28,paid,PO-6943
INV-2026-2289,Delta Freight Solutions,948.95,2026-06-02,2026-07-02,overdue,PO-6865
INV-2026-4513,Harborstone Consulting,3059.29,2026-02-12,2026-02-27,pending,PO-6396
INV-2026-2714,Everline Distribution,6381.93,2026-06-14,2026-07-29,paid,PO-6640
INV-2026-3983,Meadowbrook Payroll,111.45,2026-01-23,2026-02-22,pending,PO-6384
INV-2026-4913,Trustpoint Insurance,179.65,2026-06-11,2026-07-11,overdue,PO-6613
INV-2026-3552,Golden Valley Catering,490.91,2026-03-01,2026-03-31,overdue,PO-6018
INV-2026-2989,Zenith IT Consulting,1096.2,,2026-07-29,overdue,PO-6715
INV-2026-2074,Quartz Design Studio,252.15,2026-03-15,2026-03-30,pending,PO-6288
INV-2026-2486,Harborstone Consulting,2505.16,2026-05-21,2026-07-20,pending,PO-6589
INV-2026-2573,Pinnacle Telecom,978.58,2026-04-26,2026-05-11,paid,PO-6722
INV-2026-3419,Harborstone Consulting Group,1682.2,2026-06-19,2026-07-19,paid,PO-6204
INV-2026-4548,BluePeak Marketing,1550.99,2026-03-18,2026-04-17,paid,PO-6557
INV-2026-5124,Wellspring Analytics,2250.94,2026-01-09,2026-01-24,pending,PO-6454
INV-2026-4614,Ridgeline HVAC,2553.68,2026-06-14,2026-07-14,pending,PO-6144
INV-2026-3015,Everline Distribution,7110.1,2026-05-06,2026-06-05,pending,PO-6597
INV-2026-2620,Wellspring Analytics,131.16,2026-05-10,2026-06-09,paid,PO-6952
INV-2026-2911,Zenith IT Consulting,1378.63,2026-01-03,2026-02-02,pending,PO-6759
INV-2026-4184,Wellspring Analytics,147.86,2026-06-25,2026-07-25,paid,PO-6735
INV-2026-3923,Wellspring Analytics,1184.63,2026-03-19,2026-05-18,pending,PO-6317
INV-2026-2707,Precision Print Shop,996.37,2026-02-12,2026-04-13,paid,PO-6551
INV-2026-3610,Quartz Design Studio,547.28,2026-02-22,2026-04-08,paid,PO-6336
INV-2026-4976,Precision Print Shop,1188.06,2026-01-13,2026-02-12,pending,PO-6896
INV-2026-3243,Fleetline Maintenance,136.65,2026-02-25,2026-03-27,pending,PO-6753
INV-2026-2427,Ironclad Logistics,340.43,2026-06-19,2026-08-18,pending,PO-6067
INV-2026-3760,Quartz Design Studio,1718.54,2026-04-16,2026-05-16,pending,PO-6822
INV-2026-3781,Fleetline Maintenance,1099.58,2026-04-13,2026-05-13,paid,PO-6695
INV-2026-4538,Precision Print Shop,1049.67,2026-06-29,2026-07-29,pending,PO-6815
INV-2026-3838,Meadowbrook Payroll,639.02,2026-06-27,2026-07-27,overdue,PO-6660
INV-2026-2218,Golden Valley Catering,851.93,2026-05-04,2026-06-03,pending,PO-6415
INV-2026-4733,Delta Freight Solutions LLC,729.44,2026-03-27,2026-05-26,pending,PO-6546
INV-2026-3725,Quartz Design Studio,449.84,2026-04-21,2026-06-05,pending,PO-6805
INV-2026-2162,Pinnacle Telecom,849.42,2026-05-19,2026-06-03,paid,PO-6404
INV-2026-3934,Fleetline Maintenance,412.37,2026-01-23,2026-03-09,pending,PO-6403
INV-2026-2495,Wellspring Analytics,37.97,2026-02-20,2026-03-22,paid,PO-6614
INV-2026-4896,Fleetline Maintenance,845.71,2026-06-05,2026-07-05,paid,PO-6291
INV-2026-3354,Ironclad Logistics,474.73,2026-05-20,2026-07-19,overdue,PO-6055
INV-2026-3337,Ironclad Logistics,775.69,2026-02-06,2026-03-23,pending,PO-6300
INV-2026-4340,Riverside Cleaning Co,365.59,2026-04-19,2026-05-19,paid,PO-6576
INV-2026-4562,SUMMIT OFFICE SUPPLIES,1046.49,2026-02-18,2026-04-19,pending,PO-6390
INV-2026-3864,Everline Distribution,3435.72,2026-05-13,2026-06-27,pending,PO-6836
INV-2026-4972,Zenith IT Consulting,502.04,2026-06-23,2026-08-07,pending,PO-6939
INV-2026-4194,Pinnacle Telecom,3525.04,2026-03-05,2026-05-04,pending,PO-6607
INV-2026-2451,Fleetline Maintenance,3661.62,2026-03-25,2026-04-09,overdue,PO-6977
INV-2026-4028,Fleetline Maintenance,108.77,2026-05-12,2026-06-11,overdue,PO-6920
INV-2026-3787,Zenith IT Consulting,1905.72,2026-06-18,2026-07-18,overdue,PO-6951
INV-2026-2727,Pinnacle Telecom,1772.31,2026-03-02,2026-03-17,paid,PO-6020
INV-2026-4313,Summit Office Supplies,1563.37,,2026-03-09,overdue,PO-6987
INV-2026-2045,Ridgeline HVAC,446.07,2026-05-06,2026-07-05,overdue,PO-6077
INV-2026-5243,IRONCLAD LOGISTICS,179.77,2026-01-29,2026-02-28,pending,PO-6624
INV-2026-4115,Precision Print Shop,761.35,2026-06-17,2026-07-17,pending,PO-6678
INV-2026-2099,Meadowbrook Payroll,261.89,2026-02-02,2026-04-03,paid,PO-6122
INV-2026-5134,Golden Valley Catering,482.07,2026-05-10,2026-07-09,overdue,PO-6891
INV-2026-5262,Trustpoint Insurance,965.07,2026-01-08,2026-02-07,paid,PO-6178
INV-2026-4532,Northwind Security,175.92,2026-01-20,2026-03-21,overdue,PO-6151
INV-2026-2813,Meadowbrook Payroll,1493.31,2026-03-18,2026-04-02,overdue,PO-6823
INV-2026-2658,Riverside Cleaning Co,2858.55,2026-02-18,2026-04-19,pending,PO-6853
INV-2026-3329,Delta Freight Solutions LLC,1637.77,2026-02-07,2026-03-09,paid,PO-6073
INV-2026-4077,Meadowbrook Payroll,2256.21,2026-05-25,2026-06-09,overdue,PO-6854
INV-2026-3071,Zenith IT Consulting,1036.36,2026-01-03,2026-02-17,pending,PO-6752
INV-2026-3097,IRONCLAD LOGISTICS,1965.98,2026-06-25,2026-07-10,pending,PO-6360
INV-2026-4875,Riverside Cleaning Co,11477.02,2026-05-07,2026-06-21,overdue,PO-6647
INV-2026-2047,Ridgeline HVAC,1176.72,2026-06-11,2026-07-26,pending,PO-6628
INV-2026-4165,SUMMIT OFFICE SUPPLIES,413.12,2026-01-11,2026-02-10,paid,PO-6934
INV-2026-5246,Fleetline Maintenance,405.38,2026-01-04,2026-02-03,pending,PO-6935
INV-2026-3042,Northwind Security,799.88,2026-04-13,2026-05-13,paid,PO-6512
INV-2026-2604,Ridgeline HVAC,745.59,2026-03-08,2026-04-22,paid,PO-6896
INV-2026-3270,Wellspring Analytics,446.37,2026-04-26,2026-05-26,overdue,PO-6614
INV-2026-4097,Zenith IT Consulting,1515.2,2026-05-30,2026-07-14,paid,PO-6619
INV-2026-3909,Zenith IT Consulting,400.6,2026-01-30,2026-03-16,paid,PO-6473
INV-2026-2018,Fleetline Maintenance,715.68,2026-02-16,2026-03-03,pending,PO-6913
INV-2026-2110,IRONCLAD LOGISTICS,382.05,2026-04-19,2026-05-19,pending,PO-6349
INV-2026-3535,Riverside Cleaning Co,5242.12,2026-04-26,2026-05-26,pending,PO-6423
INV-2026-3321,Baystate Facilities,,2026-06-14,2026-07-14,paid,PO-6296
INV-2026-3569,Everline Distribution,55.6,2026-02-02,2026-03-04,overdue,PO-6559
INV-2026-2171,Harborstone Consulting Group,1444.45,2026-05-25,2026-06-24,overdue,PO-6883
INV-2026-4825,Wellspring Analytics,3568.22,2026-06-13,2026-07-28,overdue,PO-6556
INV-2026-3898,Harborstone Consulting Group,93.95,2026-03-22,2026-04-06,overdue,PO-6684
INV-2026-2938,BluePeak Marketing,7625.57,2026-02-20,2026-04-06,paid,PO-6736
INV-2026-4355,Fleetline Maintenance,1246.02,2026-04-10,2026-05-10,paid,PO-6615
INV-2026-4449,Baystate Facilities,3556.09,2026-01-07,2026-02-06,pending,PO-6711
INV-2026-2917,Golden Valley Catering,1392.27,2026-06-17,2026-08-16,overdue,PO-6471
INV-2026-2668,Civic Square Legal,577.93,2026-01-10,2026-01-25,paid,PO-6775
INV-2026-4374,Zenith IT Consulting,585.95,2026-03-03,2026-05-02,overdue,PO-6839
INV-2026-3335,Northwind Security,2854.64,2026-06-12,2026-07-12,pending,PO-6275
INV-2026-4858,Ironclad Logistics,898.91,2026-05-14,2026-07-13,pending,PO-6600
INV-2026-4580,Bluepeak Marketing,258.91,2026-06-15,2026-07-15,overdue,PO-6893
INV-2026-2407,Pinnacle Telecom,269.28,2026-04-05,2026-05-05,paid,PO-6546
INV-2026-2864,Civic Square Legal,372.96,2026-03-13,2026-04-27,overdue,PO-6047
INV-2026-2308,Meadowbrook Payroll,685.49,2026-04-14,2026-05-14,paid,PO-6704
INV-2026-5129,SUMMIT OFFICE SUPPLIES,954.27,2026-06-09,2026-07-09,paid,PO-6321
INV-2026-3286,Golden Valley Catering,1542.81,2026-06-12,2026-06-27,overdue,PO-6974
INV-2026-2578,Baystate Facilities,766.92,2026-02-17,2026-03-19,pending,PO-6285
INV-2026-3789,Quartz Design Studio,1907.06,2026-02-13,2026-03-15,paid,PO-6556
INV-2026-3280,Civic Square Legal,1598.71,2026-05-23,2026-07-22,paid,PO-6332
INV-2026-5077,Wellspring Analytics,2623.04,2026-04-13,2026-04-28,paid,PO-6299
INV-2026-4048,Civic Square Legal,1856.05,2026-02-17,2026-03-19,pending,PO-6043
INV-2026-4676,Harborstone Consulting Group,663.78,2026-05-13,2026-05-28,pending,PO-6425
INV-2026-4660,Zenith IT Consulting,601.11,2026-04-18,2026-06-02,paid,PO-6721
INV-2026-2968,Civic Square Legal,3887.48,2026-05-18,2026-07-02,pending,PO-6317
INV-2026-4420,Baystate Facilities,235.21,2026-03-31,2026-04-30,overdue,PO-6360
INV-2026-2097,Precision Print Shop,119.17,2026-01-10,2026-02-09,paid,PO-6349
INV-2026-2598,Pinnacle Telecom,1309.68,2026-06-25,2026-07-10,pending,PO-6651
INV-2026-2430,BluePeak Marketing,525.64,2026-04-17,2026-05-17,paid,PO-6369
INV-2026-4885,Civic Square Legal,245.85,2026-02-01,2026-03-03,paid,PO-6061
INV-2026-4366,Harborstone Consulting Group,363.39,2026-01-22,2026-03-23,overdue,PO-6603
INV-2026-2522,Meadowbrook Payroll,2845.01,2026-03-14,2026-05-13,overdue,PO-6097
INV-2026-3483,Ironclad Logistics,1817.32,2026-02-27,2026-03-29,pending,PO-6262
INV-2026-5098,Civic Square Legal,454.11,2026-04-03,2026-05-03,paid,PO-6437
INV-2026-3305,Fleetline Maintenance,493.0,2026-04-29,2026-06-28,pending,PO-6663
INV-2026-2088,Golden Valley Catering,87.51,2026-03-25,2026-05-24,pending,PO-6187
INV-2026-4961,Baystate Facilities,3087.17,2026-03-22,2026-05-21,overdue,PO-6879
INV-2026-2101,Zenith IT Consulting,229.96,2026-02-28,2026-03-30,paid,PO-6953
INV-2026-3357,Zenith IT Consulting,179.57,2026-06-28,2026-08-12,overdue,PO-6835
INV-2026-3393,Trustpoint Insurance,7457.34,2026-06-06,2026-08-05,pending,PO-6797
INV-2026-2844,IRONCLAD LOGISTICS,1192.13,2026-02-18,2026-04-19,pending,PO-6626
INV-2026-4787,summit office supplies,864.72,2026-04-12,2026-06-11,pending,PO-6547
INV-2026-2607,Quartz Design Studio,193.87,2026-04-03,2026-05-03,pending,PO-6367
INV-2026-3404,Fleetline Maintenance,875.55,2026-04-01,2026-05-01,overdue,PO-6904
INV-2026-2934,Meadowbrook Payroll,231.16,2026-01-03,2026-01-18,overdue,PO-6229
INV-2026-4783,Bluepeak Marketing,3510.55,2026-04-14,2026-04-29,paid,PO-6707
INV-2026-2023,Quartz Design Studio,8107.53,2026-03-08,2026-04-07,paid,PO-6458
INV-2026-4121,Everline Distribution,545.87,2026-04-30,2026-05-30,overdue,PO-6649
INV-2026-4772,Delta Freight Solutions LLC,572.89,2026-06-22,2026-08-21,pending,PO-6209
INV-2026-3297,Wellspring Analytics,529.11,2026-05-31,2026-07-30,paid,PO-6800
INV-2026-5181,Riverside Cleaning Co,5089.66,2026-01-17,2026-02-16,paid,PO-6124
INV-2026-5229,SUMMIT OFFICE SUPPLIES,159.75,2026-01-08,2026-02-07,overdue,PO-6653
INV-2026-3165,Delta Freight Solutions,582.11,2026-05-29,2026-06-28,pending,PO-6525
INV-2026-2779,IRONCLAD LOGISTICS,320.08,2026-03-19,2026-04-18,overdue,PO-6374
INV-2026-4367,Riverside Cleaning Co,522.0,2026-02-05,2026-03-07,paid,PO-6235
INV-2026-5112,Everline Distribution,1205.96,2026-05-23,2026-06-22,pending,PO-6090
INV-2026-5105,Trustpoint Insurance,872.63,2026-06-04,2026-07-04,overdue,PO-6406
INV-2026-4701,Harborstone Consulting Group,3242.78,2026-01-09,2026-02-08,pending,PO-6960
INV-2026-4934,Zenith IT Consulting,1917.76,2026-06-08,2026-07-08,paid,PO-6643
INV-2026-4744,Zenith IT Consulting,2543.63,2026-04-17,2026-06-16,pending,PO-6420
INV-2026-4252,IRONCLAD LOGISTICS,2678.9,2026-03-19,2026-04-18,paid,PO-6746
INV-2026-5156,Everline Distribution,445.46,2026-03-09,2026-04-08,overdue,PO-6757
INV-2026-4993,Ridgeline HVAC,615.28,2026-04-25,2026-06-24,paid,PO-6473
INV-2026-4385,Civic Square Legal,291.61,2026-03-28,2026-04-27,paid,PO-6930
INV-2026-3697,Civic Square Legal,386.92,2026-03-04,2026-04-03,pending,PO-6821
INV-2026-3454,Meadowbrook Payroll,1049.89,2026-04-27,2026-05-27,pending,PO-6497
INV-2026-5080,Riverside Cleaning Co,722.57,2026-01-09,2026-02-23,overdue,PO-6485
INV-2026-5202,Ridgeline HVAC,1856.75,2026-02-08,2026-04-09,overdue,PO-6162
INV-2026-3823,Wellspring Analytics,681.17,2026-06-02,2026-07-17,overdue,PO-6527
INV-2026-2307,Fleetline Maintenance,87.26,2026-04-07,2026-04-22,overdue,PO-6462
INV-2026-4530,Quartz Design Studio,1980.43,2026-06-09,2026-07-09,paid,PO-6891
INV-2026-4105,Harborstone Consulting,1253.48,2026-04-06,2026-04-21,paid,PO-6779
INV-2026-2587,Everline Distribution,9939.34,2026-06-21,2026-07-06,overdue,PO-6211
INV-2026-3630,Zenith IT Consulting,718.83,2026-03-03,2026-03-18,paid,PO-6479
INV-2026-2705,Golden Valley Catering,3043.9,2026-05-16,2026-06-30,pending,PO-6217
INV-2026-3549,Everline Distribution,452.63,2026-03-09,2026-04-08,pending,PO-6297
INV-2026-4515,Wellspring Analytics,1031.47,2026-05-11,2026-06-10,pending,PO-6699
INV-2026-4134,Wellspring Analytics,2011.49,2026-01-27,2026-03-28,overdue,PO-6781
INV-2026-4857,Harborstone Consulting Group,1267.28,2026-04-14,2026-06-13,paid,PO-6667
INV-2026-2664,Precision Print Shop,964.43,2026-03-15,2026-03-30,paid,PO-6585
INV-2026-3223,Baystate Facilities,516.56,2026-05-31,2026-06-30,overdue,PO-6985
INV-2026-2801,Meadowbrook Payroll,381.71,2026-01-14,2026-02-13,paid,PO-6613
INV-2026-3863,Pinnacle Telecom,250.36,2026-06-23,2026-08-22,pending,PO-6886
INV-2026-5206,Civic Square Legal,1003.26,2026-03-01,2026-03-31,paid,PO-6875
INV-2026-3677,Trustpoint Insurance,284.61,2026-05-22,2026-06-06,paid,PO-6495
INV-2026-3758,Everline Distribution,124.03,2026-02-15,2026-03-17,overdue,PO-6138
INV-2026-3158,Trustpoint Insurance,1631.97,2026-05-25,2026-06-24,paid,PO-6080
INV-2026-3007,Harborstone Consulting,644.61,2026-03-04,2026-03-19,paid,PO-6196
INV-2026-4805,Trustpoint Insurance,870.44,2026-04-16,2026-05-31,paid,PO-6205
INV-2026-2382,Ironclad Logistics,2198.29,2026-06-19,2026-08-03,pending,PO-6655
INV-2026-2078,Precision Print Shop,2808.25,2026-01-20,2026-02-19,overdue,PO-6721
INV-2026-5044,Bluepeak Marketing,236.55,2026-01-18,2026-02-17,overdue,PO-6196
INV-2026-2702,Civic Square Legal,1364.22,2026-05-23,2026-06-22,overdue,PO-6395
INV-2026-5220,Wellspring Analytics,1537.39,2026-04-09,2026-05-09,paid,PO-6172
INV-2026-4867,Summit Office Supplies,1914.29,2026-04-18,2026-06-02,pending,PO-6718
INV-2026-4017,Precision Print Shop,489.68,2026-01-16,2026-02-15,paid,PO-6997
INV-2026-5189,Precision Print Shop,5344.69,2026-05-06,2026-07-05,pending,PO-6890
INV-2026-3343,Zenith IT Consulting,228.51,2026-05-13,2026-05-28,paid,PO-6474
INV-2026-4475,Pinnacle Telecom,270.24,2026-06-07,2026-07-07,paid,PO-6095
INV-2026-4387,Bluepeak Marketing,163.52,2026-04-08,2026-05-08,pending,PO-6609
INV-2026-4749,Riverside Cleaning Co,292.12,2026-06-17,2026-07-17,pending,PO-6809
INV-2026-2215,Ridgeline HVAC,1022.89,2026-01-16,2026-02-15,overdue,PO-6376
INV-2026-4807,Everline Distribution,4903.79,2026-03-22,2026-05-21,pending,PO-6176
INV-2026-4024,Meadowbrook Payroll,577.74,2026-05-18,2026-06-17,overdue,PO-6525
INV-2026-4915,Golden Valley Catering,579.52,2026-03-02,2026-03-17,pending,PO-6443
INV-2026-2860,Ironclad Logistics,513.52,2026-05-18,2026-07-17,overdue,PO-6802
INV-2026-2585,Quartz Design Studio,1302.08,2026-04-09,2026-05-09,pending,PO-6146
INV-2026-3698,Northwind Security,450.68,2026-06-05,2026-07-05,pending,PO-6978
INV-2026-4991,Civic Square Legal,3458.12,2026-05-29,2026-06-13,paid,PO-6437
INV-2026-2057,Precision Print Shop,28108.31,2026-03-25,2026-04-24,paid,PO-6707
INV-2026-2085,Delta Freight Solutions,363.44,2026-02-09,2026-03-26,pending,PO-6566
INV-2026-2502,Golden Valley Catering,2484.89,2026-04-14,2026-05-14,paid,PO-6172
INV-2026-2117,Quartz Design Studio,78.86,2026-05-15,2026-06-29,pending,PO-6847
INV-2026-3524,Golden Valley Catering,1212.22,2026-05-12,2026-06-11,paid,PO-6989
INV-2026-4981,Quartz Design Studio,833.47,2026-03-30,2026-04-14,pending,PO-6046
INV-2026-3353,IRONCLAD LOGISTICS,1395.13,2026-01-27,2026-03-13,overdue,PO-6314
INV-2026-4600,Precision Print Shop,2436.6,2026-02-02,2026-03-04,paid,PO-6395
INV-2026-3365,Zenith IT Consulting,883.86,2026-06-15,2026-07-15,overdue,PO-6964
INV-2026-4453,Precision Print Shop,505.79,2026-03-11,2026-04-10,paid,PO-6344
INV-2026-3012,Harborstone Consulting,301.6,2026-01-11,2026-02-10,overdue,PO-6751
INV-2026-3444,Baystate Facilities,1461.55,2026-01-24,2026-03-25,paid,PO-6934
INV-2026-3663,Civic Square Legal,1481.34,2026-03-30,2026-05-14,overdue,PO-6730
INV-2026-5016,Golden Valley Catering,343.32,2026-06-04,2026-07-04,paid,PO-6729
INV-2026-3285,Fleetline Maintenance,3340.25,2026-04-21,2026-05-21,paid,PO-6250
INV-2026-3189,Civic Square Legal,299.33,2026-02-21,2026-03-08,paid,PO-6603
INV-2026-4043,Wellspring Analytics,5905.65,2026-02-24,2026-03-26,overdue,PO-6951
INV-2026-5131,Precision Print Shop,979.64,2026-05-20,2026-06-19,paid,PO-6794
INV-2026-2608,Precision Print Shop,137.27,2026-03-14,2026-04-13,pending,PO-6285
INV-2026-2400,Trustpoint Insurance,1510.75,2026-04-16,2026-05-01,paid,PO-6208
INV-2026-3882,Ironclad Logistics,132.36,2026-04-27,2026-05-27,overdue,PO-6940
INV-2026-3977,Northwind Security,940.1,2026-01-28,2026-02-27,pending,PO-6067
INV-2026-2766,Pinnacle Telecom,3229.24,2026-04-21,2026-06-05,pending,PO-6737
INV-2026-2169,Baystate Facilities,5747.65,2026-05-09,2026-06-08,overdue,PO-6014
INV-2026-2053,Wellspring Analytics,834.71,2026-03-01,2026-03-31,overdue,PO-6625
INV-2026-3424,Pinnacle Telecom,2236.2,2026-03-28,2026-05-12,overdue,PO-6774
INV-2026-4686,Northwind Security,511.04,2026-04-25,2026-05-10,paid,PO-6795
INV-2026-5022,Quartz Design Studio,1101.48,2026-06-06,2026-07-06,pending,PO-6271
INV-2026-4588,Precision Print Shop,445.34,2026-02-10,2026-03-12,pending,PO-6761
INV-2026-3340,Wellspring Analytics,223.76,2026-01-10,2026-03-11,paid,PO-6083
INV-2026-3047,Pinnacle Telecom,795.46,2026-03-02,2026-04-01,overdue,PO-6927
INV-2026-2519,Civic Square Legal,634.66,2026-03-08,2026-04-22,paid,PO-6416
INV-2026-4401,Civic Square Legal,357.42,2026-03-04,2026-04-18,overdue,PO-6010
INV-2026-4173,Golden Valley Catering,1310.72,2026-03-01,2026-04-15,overdue,PO-6128
INV-2026-2596,Everline Distribution,,2026-02-16,2026-04-02,overdue,PO-6908
INV-2026-4220,Quartz Design Studio,3527.17,2026-02-08,2026-03-10,pending,PO-6943
INV-2026-3113,Civic Square Legal,1514.08,2026-04-28,2026-05-28,paid,PO-6081
INV-2026-2333,Precision Print Shop,421.81,2026-04-05,2026-05-05,paid,PO-6522
INV-2026-2643,Golden Valley Catering,2038.15,2026-03-14,2026-04-28,overdue,PO-6878
INV-2026-4144,Harborstone Consulting Group,258.41,2026-06-11,2026-06-26,pending,PO-6481
INV-2026-2965,Ridgeline HVAC,636.17,2026-04-27,2026-05-27,overdue,PO-6933
INV-2026-2463,Meadowbrook Payroll,600.51,2026-01-12,2026-02-11,paid,PO-6219
INV-2026-3494,Everline Distribution,1315.59,2026-01-23,2026-02-07,pending,PO-6735
INV-2026-2632,Precision Print Shop,200.65,2026-04-03,2026-05-03,paid,PO-6445
INV-2026-4969,Civic Square Legal,761.09,2026-05-17,2026-07-01,overdue,PO-6790
INV-2026-5258,Fleetline Maintenance,3090.25,2026-02-05,2026-03-07,pending,PO-6196
INV-2026-3259,Harborstone Consulting Group,1442.69,2026-04-12,2026-04-27,paid,PO-6445
INV-2026-3171,Precision Print Shop,6220.87,2026-06-28,2026-07-13,overdue,PO-6397
INV-2026-5049,Ridgeline HVAC,3948.01,2026-03-29,2026-05-13,overdue,PO-6342
INV-2026-3589,Summit Office Supplies,1345.51,2026-03-15,2026-04-29,paid,PO-6362
INV-2026-2313,Northwind Security,710.16,2026-01-18,2026-02-17,overdue,PO-6591
INV-2026-4182,Quartz Design Studio,1757.12,2026-06-10,2026-07-10,overdue,PO-6780
INV-2026-2624,Pinnacle Telecom,304.09,2026-01-15,2026-02-14,paid,PO-6037
INV-2026-3593,Precision Print Shop,278.28,2026-06-04,2026-07-19,pending,PO-6418
INV-2026-2523,Riverside Cleaning Co,1362.5,2026-03-27,2026-04-26,paid,PO-6766
INV-2026-3202,Zenith IT Consulting,,2026-04-27,2026-05-27,paid,PO-6431
INV-2026-2073,Bluepeak Marketing,695.47,2026-03-09,2026-04-23,paid,PO-6739
INV-2026-2529,Baystate Facilities,474.7,2026-03-10,2026-04-09,paid,PO-6124
INV-2026-3239,Everline Distribution,2170.89,2026-02-10,2026-04-11,overdue,PO-6551
INV-2026-2175,Harborstone Consulting,165.27,2026-04-23,2026-05-08,pending,PO-6691
INV-2026-2434,Trustpoint Insurance,4570.9,2026-06-24,2026-08-08,pending,PO-6059
INV-2026-2590,Meadowbrook Payroll,1716.47,2026-02-05,2026-04-06,paid,PO-6403
INV-2026-4286,Northwind Security,1001.8,2026-05-09,2026-06-08,overdue,PO-6703
INV-2026-3409,Delta Freight Solutions,283.57,2026-05-27,2026-06-26,paid,PO-6050
INV-2026-2712,Ridgeline HVAC,389.74,2026-05-23,2026-06-07,overdue,PO-6767
INV-2026-2628,Precision Print Shop,,2026-04-27,2026-05-27,pending,PO-6325
INV-2026-3059,Ridgeline HVAC,621.08,2026-02-24,2026-04-10,pending,PO-6798
INV-2026-2843,Fleetline Maintenance,3816.0,2026-06-11,2026-07-11,overdue,PO-6310
INV-2026-4839,Baystate Facilities,,2026-03-04,2026-04-03,paid,PO-6706
INV-2026-2159,Riverside Cleaning Co,684.62,2026-01-03,2026-02-02,pending,PO-6699
INV-2026-5222,Ironclad Logistics,211.34,2026-01-26,2026-02-10,pending,PO-6490
INV-2026-3662,IRONCLAD LOGISTICS,,2026-02-01,2026-03-03,overdue,PO-6069
INV-2026-4349,Trustpoint Insurance,734.54,2026-04-07,2026-05-22,paid,PO-6052
INV-2026-4809,Everline Distribution,4544.14,2026-05-12,2026-07-11,pending,PO-6048
INV-2026-3800,Wellspring Analytics,451.24,2026-06-15,2026-07-30,overdue,PO-6738
INV-2026-2009,Northwind Security,1123.87,2026-02-12,2026-03-14,paid,PO-6643
INV-2026-4202,Zenith IT Consulting,3077.62,2026-04-22,2026-05-22,overdue,PO-6755
INV-2026-5232,Trustpoint Insurance,650.3,2026-06-08,2026-07-08,paid,PO-6059
INV-2026-3841,Northwind Security,222.48,2026-06-12,2026-06-27,paid,PO-6493
INV-2026-4540,Ironclad Logistics,313.33,2026-01-21,2026-03-07,paid,PO-6765
INV-2026-4658,Pinnacle Telecom,489.11,2026-06-23,2026-07-23,overdue,PO-6047
INV-2026-4087,Riverside Cleaning Co,2066.66,2026-03-16,2026-04-30,overdue,PO-6075
INV-2026-2682,Harborstone Consulting Group,2986.38,2026-01-12,2026-02-11,overdue,PO-6138
INV-2026-2435,Baystate Facilities,698.47,2026-03-06,2026-04-05,overdue,PO-6505
INV-2026-3537,Precision Print Shop,174.66,2026-03-16,2026-04-15,paid,PO-6932
INV-2026-5268,Fleetline Maintenance,255.83,2026-04-19,2026-05-19,pending,PO-6955
INV-2026-3027,Riverside Cleaning Co,2983.7,2026-04-01,2026-04-16,overdue,PO-6047
INV-2026-4003,Riverside Cleaning Co,284.56,2026-04-08,2026-04-23,paid,PO-6528
INV-2026-4251,Harborstone Consulting,201.84,2026-02-04,2026-03-06,paid,PO-6129
INV-2026-2327,Quartz Design Studio,1052.84,2026-03-09,2026-04-08,overdue,PO-6624
INV-2026-4865,Fleetline Maintenance,139.56,2026-01-25,2026-02-24,paid,PO-6776
INV-2026-3854,Riverside Cleaning Co,633.73,2026-06-26,2026-08-10,pending,PO-6532
INV-2026-2715,Civic Square Legal,286.7,2026-04-16,2026-05-16,paid,PO-6431
INV-2026-4510,Quartz Design Studio,5666.48,2026-06-16,2026-07-16,pending,PO-6887
INV-2026-2880,Riverside Cleaning Co,1015.15,2026-04-23,2026-05-23,paid,PO-6531
INV-2026-4371,Northwind Security,3198.82,2026-03-27,2026-05-26,overdue,PO-6589
INV-2026-4750,Wellspring Analytics,2308.27,2026-06-29,2026-08-13,overdue,PO-6920
INV-2026-3575,Bluepeak Marketing,563.61,2026-03-31,2026-04-15,pending,PO-6344
INV-2026-4470,Quartz Design Studio,6406.61,2026-02-11,2026-03-13,overdue,PO-6603
INV-2026-2438,Harborstone Consulting Group,968.63,2026-03-10,2026-04-24,paid,PO-6001
INV-2026-5219,summit office supplies,1312.1,2026-05-31,2026-07-15,paid,PO-6842
INV-2026-4484,Summit Office Supplies,2647.18,2026-01-31,2026-02-15,overdue,PO-6378
INV-2026-5212,Fleetline Maintenance,898.34,2026-06-02,2026-07-17,pending,PO-6413
INV-2026-4968,Riverside Cleaning Co,1510.6,2026-02-02,2026-03-19,overdue,PO-6016
INV-2026-2198,Wellspring Analytics,902.33,2026-01-13,2026-02-27,overdue,PO-6467
INV-2026-3799,Fleetline Maintenance,160.2,2026-06-21,2026-07-21,paid,PO-6998
INV-2026-2441,Wellspring Analytics,134.52,2026-03-14,2026-04-13,paid,PO-6827
INV-2026-2033,Golden Valley Catering,2112.29,2026-02-24,2026-04-25,paid,PO-6075
INV-2026-5270,Civic Square Legal,4033.56,2026-04-21,2026-05-21,overdue,PO-6220
INV-2026-2923,Baystate Facilities,181.19,2026-05-19,2026-07-18,overdue,PO-6820
INV-2026-3899,Golden Valley Catering,105.26,2026-04-08,2026-04-23,paid,PO-6465
INV-2026-2787,Harborstone Consulting,614.22,2026-04-13,2026-05-28,paid,PO-6450
INV-2026-2277,Pinnacle Telecom,135.48,2026-05-07,2026-06-06,pending,PO-6022
INV-2026-4407,Delta Freight Solutions LLC,560.87,2026-02-26,2026-04-12,pending,PO-6697
INV-2026-2956,Golden Valley Catering,640.16,2026-02-27,2026-03-29,overdue,PO-6519
INV-2026-3453,Pinnacle Telecom,43.91,2026-03-26,2026-04-25,pending,PO-6838
INV-2026-4736,Civic Square Legal,998.53,2026-02-02,2026-03-19,pending,PO-6157
INV-2026-2368,Ridgeline HVAC,3166.58,2026-06-15,2026-07-15,pending,PO-6900
INV-2026-4994,Ridgeline HVAC,31.05,2026-05-12,2026-06-11,overdue,PO-6226
INV-2026-2093,Riverside Cleaning Co,268.58,2026-04-05,2026-05-05,paid,PO-6629
INV-2026-2847,Riverside Cleaning Co,899.01,2026-01-25,2026-02-24,paid,PO-6813
INV-2026-5193,Ridgeline HVAC,,2026-05-28,2026-07-27,overdue,PO-6269
INV-2026-4612,IRONCLAD LOGISTICS,160.57,2026-04-02,2026-05-02,paid,PO-6527
INV-2026-4057,Everline Distribution,139.38,2026-04-07,2026-04-22,pending,PO-6562
INV-2026-5079,Trustpoint Insurance,538.01,2026-02-04,2026-02-19,paid,PO-6484
INV-2026-4068,Precision Print Shop,2624.35,2026-05-20,2026-06-19,overdue,PO-6774
INV-2026-4198,BluePeak Marketing,3011.17,,2026-04-14,overdue,PO-6188
INV-2026-3833,Harborstone Consulting Group,393.29,2026-06-09,2026-06-24,paid,PO-6170
INV-2026-2959,Baystate Facilities,208.04,2026-03-24,2026-04-08,paid,PO-6942
INV-2026-3313,Delta Freight Solutions LLC,183.89,2026-01-30,2026-03-01,paid,PO-6454
INV-2026-4125,Summit Office Supplies,187.29,2026-04-28,2026-05-28,paid,PO-6694
INV-2026-2205,Meadowbrook Payroll,1577.84,2026-01-09,2026-01-24,paid,PO-6894
INV-2026-4362,Delta Freight Solutions,1202.5,2026-03-07,2026-04-06,paid,PO-6266
INV-2026-4255,Riverside Cleaning Co,362.7,2026-06-28,2026-08-12,paid,PO-6944
INV-2026-2147,SUMMIT OFFICE SUPPLIES,186.52,2026-01-07,2026-02-21,paid,PO-6224
INV-2026-4058,Quartz Design Studio,1888.8,2026-06-21,2026-07-21,paid,PO-6568
INV-2026-4998,Baystate Facilities,2632.41,2026-04-28,2026-05-28,paid,PO-6220
INV-2026-3445,Ridgeline HVAC,1513.67,2026-04-04,2026-05-04,pending,PO-6059
INV-2026-4550,Golden Valley Catering,312.7,2026-03-23,2026-04-22,paid,PO-6744
INV-2026-2199,Bluepeak Marketing,787.24,2026-01-22,2026-02-21,overdue,PO-6580
INV-2026-3692,Civic Square Legal,,2026-03-29,2026-04-28,paid,PO-6228
INV-2026-4556,Pinnacle Telecom,576.93,2026-02-22,2026-03-24,paid,PO-6043
INV-2026-2303,Ridgeline HVAC,467.43,2026-04-13,2026-05-13,overdue,PO-6866
INV-2026-4378,Meadowbrook Payroll,267.24,2026-01-17,2026-02-01,paid,PO-6611
INV-2026-2334,Pinnacle Telecom,1283.04,2026-05-14,2026-07-13,overdue,PO-6793
INV-2026-4847,Meadowbrook Payroll,480.43,2026-04-04,2026-05-19,paid,PO-6282
INV-2026-4670,Wellspring Analytics,481.68,2026-01-10,2026-03-11,overdue,PO-6360
INV-2026-3836,Northwind Security,5771.76,2026-01-20,2026-02-19,paid,PO-6197
INV-2026-3707,Zenith IT Consulting,1460.92,2026-03-18,2026-04-17,paid,PO-6469
INV-2026-5188,Harborstone Consulting Group,726.66,2026-02-08,2026-03-10,pending,PO-6091
INV-2026-4756,Precision Print Shop,608.69,2026-06-17,2026-08-01,overdue,PO-6620
INV-2026-4595,Wellspring Analytics,653.85,2026-05-04,2026-06-03,paid,PO-6584
INV-2026-5150,Baystate Facilities,28.25,2026-03-25,2026-05-09,overdue,PO-6647
INV-2026-3846,Quartz Design Studio,1195.92,2026-02-22,2026-04-08,paid,PO-6074
INV-2026-4661,Zenith IT Consulting,294.91,2026-02-02,2026-03-19,pending,PO-6302
INV-2026-2724,Civic Square Legal,957.18,2026-04-26,2026-05-26,pending,PO-6323
INV-2026-4114,Baystate Facilities,2303.25,2026-05-02,2026-05-17,pending,PO-6073
INV-2026-3782,Trustpoint Insurance,588.51,2026-04-17,2026-06-01,overdue,PO-6358
INV-2026-2398,Baystate Facilities,407.45,2026-06-29,2026-07-29,overdue,PO-6264
INV-2026-5257,Baystate Facilities,15474.82,2026-05-03,2026-06-02,overdue,PO-6383
INV-2026-5180,Harborstone Consulting,9262.79,2026-03-21,2026-05-05,overdue,PO-6952
INV-2026-2856,Ridgeline HVAC,455.84,2026-06-06,2026-07-06,pending,PO-6885
INV-2026-3587,Pinnacle Telecom,915.46,2026-02-26,2026-04-12,pending,PO-6134
INV-2026-2393,Golden Valley Catering,1194.14,2026-05-28,2026-06-27,overdue,PO-6425
INV-2026-5036,Zenith IT Consulting,813.1,2026-04-15,2026-05-15,paid,PO-6241
INV-2026-3895,Meadowbrook Payroll,1087.29,2026-03-03,2026-04-02,overdue,PO-6875
INV-2026-4681,Everline Distribution,345.26,2026-02-03,2026-03-05,paid,PO-6083
INV-2026-4326,Bluepeak Marketing,1582.11,2026-06-23,2026-07-23,paid,PO-6340
INV-2026-5126,Wellspring Analytics,531.42,2026-05-22,2026-07-21,pending,PO-6495
INV-2026-2343,Bluepeak Marketing,392.58,2026-01-10,2026-02-09,pending,PO-6858
INV-2026-3103,Zenith IT Consulting,1480.52,,2026-04-11,overdue,PO-6201
INV-2026-3527,Golden Valley Catering,1256.15,2026-01-10,2026-02-24,pending,PO-6250
INV-2026-3493,Trustpoint Insurance,2489.49,2026-03-09,2026-04-23,overdue,PO-6349
INV-2026-5255,Ridgeline HVAC,1315.82,2026-04-14,2026-05-14,paid,PO-6550
INV-2026-3175,Harborstone Consulting,529.62,2026-01-17,2026-02-16,pending,PO-6590
INV-2026-4412,Northwind Security,3282.66,2026-06-20,2026-07-20,pending,PO-6259
INV-2026-4648,Meadowbrook Payroll,501.71,2026-03-25,2026-05-24,overdue,PO-6406
INV-2026-2914,Delta Freight Solutions LLC,1696.42,2026-04-25,2026-05-10,paid,PO-6530
INV-2026-2245,Riverside Cleaning Co,271.04,2026-02-26,2026-03-28,pending,PO-6228
INV-2026-2987,Pinnacle Telecom,336.66,2026-02-13,2026-03-15,overdue,PO-6545
INV-2026-4546,Civic Square Legal,716.08,2026-04-03,2026-05-03,pending,PO-6253
INV-2026-4925,Riverside Cleaning Co,3420.88,2026-03-02,2026-04-16,pending,PO-6396
INV-2026-2139,Northwind Security,747.49,2026-04-15,2026-05-30,pending,PO-6555
INV-2026-2951,Baystate Facilities,739.65,2026-06-25,2026-08-24,overdue,PO-6574
INV-2026-2980,Precision Print Shop,863.51,2026-05-11,2026-05-26,pending,PO-6417
INV-2026-4361,Zenith IT Consulting,925.03,2026-05-23,2026-06-22,overdue,PO-6998
INV-2026-4238,Trustpoint Insurance,194.74,2026-05-15,2026-06-14,paid,PO-6515
INV-2026-4542,Delta Freight Solutions LLC,3152.51,2026-03-21,2026-04-05,paid,PO-6971
INV-2026-3020,Harborstone Consulting,1664.63,2026-01-07,2026-02-06,pending,PO-6569
INV-2026-4798,Ridgeline HVAC,187.95,2026-06-24,2026-07-24,overdue,PO-6462
INV-2026-4171,Summit Office Supplies,266.87,2026-05-27,2026-06-26,overdue,PO-6995
INV-2026-4890,Golden Valley Catering,1887.88,2026-01-30,2026-03-16,overdue,PO-6197
INV-2026-2466,Trustpoint Insurance,230.64,2026-03-04,2026-05-03,paid,PO-6303
INV-2026-4523,Delta Freight Solutions,585.51,2026-03-20,2026-04-19,paid,PO-6322
INV-2026-4294,Zenith IT Consulting,7032.58,2026-03-04,2026-05-03,paid,PO-6048
INV-2026-2432,Pinnacle Telecom,5969.54,2026-05-25,2026-07-09,overdue,PO-6544
INV-2026-4702,Harborstone Consulting,326.78,2026-02-08,2026-03-10,paid,PO-6229
INV-2026-3436,Quartz Design Studio,1264.48,2026-01-11,2026-01-26,pending,PO-6919
INV-2026-3935,Meadowbrook Payroll,805.62,2026-03-18,2026-05-02,paid,PO-6412
INV-2026-4207,Harborstone Consulting,689.99,2026-04-09,2026-05-09,paid,PO-6690
INV-2026-4490,Everline Distribution,115.04,2026-04-12,2026-05-12,overdue,PO-6283
INV-2026-3631,Ironclad Logistics,233.67,2026-05-05,2026-07-04,paid,PO-6082
INV-2026-5092,Baystate Facilities,264.08,2026-06-06,2026-08-05,pending,PO-6789
INV-2026-2629,Meadowbrook Payroll,1779.08,2026-05-11,2026-06-10,paid,PO-6988
INV-2026-2822,Riverside Cleaning Co,3678.35,2026-06-15,2026-07-30,pending,PO-6809
INV-2026-4039,Fleetline Maintenance,3573.53,2026-06-08,2026-08-07,overdue,PO-6515
INV-2026-3893,Delta Freight Solutions LLC,568.97,2026-06-22,2026-07-22,pending,PO-6545
INV-2026-3288,BluePeak Marketing,465.7,2026-04-19,2026-06-03,pending,PO-6116
INV-2026-5110,Pinnacle Telecom,86.85,2026-01-01,2026-01-31,paid,PO-6851
INV-2026-2926,Bluepeak Marketing,2945.69,2026-04-29,2026-06-13,overdue,PO-6372
INV-2026-3082,Precision Print Shop,3566.62,2026-03-27,2026-04-11,paid,PO-6666
INV-2026-2861,Delta Freight Solutions LLC,294.33,2026-04-26,2026-06-10,paid,PO-6555
INV-2026-4192,Zenith IT Consulting,743.07,2026-02-27,2026-03-29,paid,PO-6507
INV-2026-4001,Ironclad Logistics,2032.39,2026-04-08,2026-05-08,paid,PO-6586
INV-2026-2798,Quartz Design Studio,402.12,2026-03-28,2026-04-27,pending,PO-6183
INV-2026-3154,BluePeak Marketing,167.6,2026-04-20,2026-06-04,paid,PO-6587
INV-2026-3062,Quartz Design Studio,624.66,2026-01-27,2026-03-13,pending,PO-6687
INV-2026-4233,Fleetline Maintenance,2019.57,2026-03-29,2026-04-28,overdue,PO-6917
INV-2026-4486,Ironclad Logistics,757.03,2026-06-20,2026-07-20,pending,PO-6711
INV-2026-3347,Riverside Cleaning Co,730.18,2026-01-11,2026-02-10,overdue,PO-6638
INV-2026-4882,Baystate Facilities,346.34,2026-06-26,2026-07-26,overdue,PO-6380
INV-2026-4094,BluePeak Marketing,869.94,2026-03-04,2026-04-03,paid,PO-6622
INV-2026-3010,Quartz Design Studio,303.97,2026-03-20,2026-04-19,overdue,PO-6390
INV-2026-4204,Bluepeak Marketing,827.24,2026-06-12,2026-08-11,pending,PO-6200
INV-2026-2631,Civic Square Legal,8440.82,2026-03-20,2026-04-19,paid,PO-6199
INV-2026-3262,Ridgeline HVAC,687.24,2026-02-28,2026-03-30,paid,PO-6269
INV-2026-4291,Fleetline Maintenance,1429.1,2026-01-08,2026-02-07,paid,PO-6072
INV-2026-3582,Quartz Design Studio,5084.25,2026-04-08,2026-05-08,pending,PO-6431
INV-2026-2239,Northwind Security,2611.74,2026-03-27,2026-04-11,overdue,PO-6378
INV-2026-2379,Ridgeline HVAC,806.12,2026-05-19,2026-07-03,pending,PO-6280
INV-2026-3036,Quartz Design Studio,476.92,2026-05-10,2026-06-09,pending,PO-6790
INV-2026-3248,Bluepeak Marketing,2556.28,2026-04-12,2026-05-12,paid,PO-6815
INV-2026-2904,Zenith IT Consulting,3373.54,2026-02-06,2026-03-08,overdue,PO-6011
INV-2026-2070,Delta Freight Solutions LLC,844.27,2026-06-29,2026-08-28,paid,PO-6165
INV-2026-4373,Delta Freight Solutions LLC,229.85,2026-06-27,2026-07-27,pending,PO-6508
INV-2026-2251,Fleetline Maintenance,1696.2,2026-01-21,2026-02-05,overdue,PO-6778
INV-2026-2155,Riverside Cleaning Co,3343.32,2026-03-14,2026-04-28,overdue,PO-6269
INV-2026-2397,Riverside Cleaning Co,1206.11,,2026-07-19,overdue,PO-6656
INV-2026-5165,Ridgeline HVAC,,2026-03-24,2026-05-23,paid,PO-6923
INV-2026-2138,Precision Print Shop,293.22,2026-05-25,2026-07-09,pending,PO-6530
INV-2026-2082,Harborstone Consulting,304.5,2026-02-14,2026-03-16,pending,PO-6901
INV-2026-2401,Golden Valley Catering,239.5,2026-06-28,2026-08-12,overdue,PO-6026
INV-2026-4621,Riverside Cleaning Co,277.93,2026-06-17,2026-07-02,overdue,PO-6392
INV-2026-4763,Baystate Facilities,15474.82,2026-04-30,2026-05-15,overdue,PO-6322
INV-2026-2995,Delta Freight Solutions LLC,51.37,2026-04-04,2026-05-04,pending,PO-6645
INV-2026-4452,Harborstone Consulting,188.74,2026-06-18,2026-07-18,pending,PO-6844
INV-2026-2582,Fleetline Maintenance,218.89,2026-05-14,2026-06-28,paid,PO-6046
INV-2026-2672,Summit Office Supplies,45.52,2026-04-28,2026-05-28,overdue,PO-6420
INV-2026-2851,Precision Print Shop,1122.15,2026-06-19,2026-07-19,pending,PO-6488
INV-2026-2644,Baystate Facilities,806.88,2026-04-11,2026-04-26,paid,PO-6009
INV-2026-4468,IRONCLAD LOGISTICS,183.38,2026-01-26,2026-02-10,paid,PO-6739
INV-2026-2515,Northwind Security,3761.42,2026-03-19,2026-05-03,overdue,PO-6482
INV-2026-3724,Harborstone Consulting Group,2879.76,2026-04-17,2026-05-17,paid,PO-6336
INV-2026-2693,Northwind Security,2512.56,2026-01-17,2026-02-16,paid,PO-6837
INV-2026-3907,Ridgeline HVAC,387.27,2026-04-01,2026-05-31,pending,PO-6574
INV-2026-2021,Riverside Cleaning Co,4149.0,2026-01-02,2026-02-16,paid,PO-6769
INV-2026-2022,Precision Print Shop,1251.29,2026-05-31,2026-06-30,overdue,PO-6398
INV-2026-5040,Baystate Facilities,270.6,2026-06-15,2026-07-15,pending,PO-6359
INV-2026-4236,Pinnacle Telecom,686.72,2026-01-21,2026-02-20,pending,PO-6790
INV-2026-5117,Trustpoint Insurance,880.29,2026-05-12,2026-05-27,overdue,PO-6633
INV-2026-2394,Civic Square Legal,2805.16,2026-01-29,2026-02-28,pending,PO-6167
INV-2026-5042,Northwind Security,1698.89,2026-06-03,2026-07-18,pending,PO-6795
INV-2026-2222,Everline Distribution,114.55,2026-01-10,2026-03-11,overdue,PO-6818
INV-2026-4687,Precision Print Shop,969.02,2026-02-13,2026-04-14,pending,PO-6008
INV-2026-3293,Northwind Security,733.85,2026-04-30,2026-06-14,pending,PO-6604
INV-2026-4497,Bluepeak Marketing,798.04,2026-04-10,2026-05-25,paid,PO-6234
INV-2026-2166,Baystate Facilities,499.79,2026-06-21,2026-07-06,overdue,PO-6058
INV-2026-2274,Quartz Design Studio,10337.65,2026-02-25,2026-04-26,overdue,PO-6603
INV-2026-3513,Pinnacle Telecom,5466.19,2026-03-19,2026-04-03,pending,PO-6783
INV-2026-3322,Harborstone Consulting Group,1117.19,2026-02-26,2026-03-13,paid,PO-6619
INV-2026-2537,summit office supplies,159.82,2026-06-14,2026-07-14,overdue,PO-6516
INV-2026-2994,Zenith IT Consulting,1350.59,2026-01-09,2026-02-08,overdue,PO-6409
INV-2026-2282,Northwind Security,1001.47,2026-01-09,2026-02-23,overdue,PO-6148
INV-2026-4723,Fleetline Maintenance,1324.59,2026-04-11,2026-04-26,pending,PO-6367
INV-2026-2068,Golden Valley Catering,2966.5,2026-03-06,2026-04-05,overdue,PO-6238
INV-2026-4435,Everline Distribution,637.89,2026-03-07,2026-04-06,overdue,PO-6820
INV-2026-2518,Bluepeak Marketing,286.03,2026-06-17,2026-07-02,paid,PO-6999
INV-2026-4079,Ridgeline HVAC,474.46,2026-01-10,2026-02-09,overdue,PO-6289
INV-2026-2347,Civic Square Legal,583.54,2026-02-06,2026-02-21,pending,PO-6325
INV-2026-2172,Trustpoint Insurance,1384.59,2026-02-28,2026-03-30,pending,PO-6906
INV-2026-4615,Ridgeline HVAC,6483.71,2026-01-14,2026-01-29,pending,PO-6555
INV-2026-2663,Baystate Facilities,1310.2,2026-04-22,2026-05-22,overdue,PO-6510
INV-2026-2961,Baystate Facilities,2540.92,2026-02-08,2026-02-23,paid,PO-6808
INV-2026-4375,Northwind Security,2492.96,2026-06-06,2026-07-06,pending,PO-6057
INV-2026-4594,Fleetline Maintenance,869.43,2026-05-08,2026-06-07,pending,PO-6376
INV-2026-4560,Zenith IT Consulting,4914.48,2026-01-18,2026-02-02,paid,PO-6235
INV-2026-2918,Summit Office Supplies,1151.48,,2026-05-08,overdue,PO-6395
INV-2026-2492,Ironclad Logistics,5177.51,2026-06-15,2026-07-15,pending,PO-6628
INV-2026-3683,IRONCLAD LOGISTICS,478.57,2026-05-25,2026-07-24,overdue,PO-6298
INV-2026-3915,Fleetline Maintenance,5152.47,2026-02-13,2026-03-30,paid,PO-6173
INV-2026-5179,Baystate Facilities,1537.55,2026-02-23,2026-03-10,paid,PO-6834
INV-2026-3491,Northwind Security,2649.55,2026-05-30,2026-07-29,pending,PO-6862
INV-2026-2374,summit office supplies,424.88,2026-05-17,2026-07-01,paid,PO-6464
INV-2026-4388,Golden Valley Catering,248.56,2026-06-10,2026-07-10,pending,PO-6413
INV-2026-2878,Zenith IT Consulting,533.84,2026-06-28,2026-08-12,paid,PO-6527
INV-2026-4575,Trustpoint Insurance,126.58,2026-01-16,2026-02-15,pending,PO-6581
INV-2026-2419,Everline Distribution,7863.09,2026-01-29,2026-02-28,paid,PO-6936
INV-2026-3940,Meadowbrook Payroll,106.19,2026-06-07,2026-07-07,pending,PO-6690
INV-2026-4404,BluePeak Marketing,2345.63,2026-04-14,2026-05-14,pending,PO-6700
INV-2026-3778,Quartz Design Studio,2096.22,2026-06-24,2026-07-24,overdue,PO-6614
INV-2026-5233,Civic Square Legal,2814.13,2026-06-13,2026-06-28,overdue,PO-6518
INV-2026-4316,Fleetline Maintenance,4058.79,2026-06-27,2026-07-12,pending,PO-6564
INV-2026-4630,Civic Square Legal,216.47,2026-06-09,2026-07-09,pending,PO-6418
INV-2026-3866,IRONCLAD LOGISTICS,2276.48,2026-06-08,2026-07-23,pending,PO-6877
INV-2026-3150,Golden Valley Catering,442.71,2026-01-28,2026-02-27,pending,PO-6696
INV-2026-4986,SUMMIT OFFICE SUPPLIES,625.46,2026-01-27,2026-02-26,overdue,PO-6808
INV-2026-5164,Precision Print Shop,2946.73,2026-01-02,2026-02-16,paid,PO-6363
INV-2026-2669,Riverside Cleaning Co,1761.16,2026-01-30,2026-02-14,overdue,PO-6864
INV-2026-4796,Fleetline Maintenance,2263.15,2026-04-07,2026-06-06,overdue,PO-6741
INV-2026-2981,Meadowbrook Payroll,781.3,2026-04-04,2026-05-19,paid,PO-6189
INV-2026-4018,Northwind Security,412.23,2026-05-06,2026-06-05,overdue,PO-6899
INV-2026-3504,Delta Freight Solutions,173.14,2026-05-16,2026-06-15,overdue,PO-6556
INV-2026-3194,Precision Print Shop,771.21,2026-06-12,2026-08-11,pending,PO-6450
INV-2026-2532,Baystate Facilities,1397.87,2026-04-06,2026-05-06,pending,PO-6994
INV-2026-3406,Riverside Cleaning Co,330.71,2026-04-03,2026-05-03,paid,PO-6982
INV-2026-2211,Ridgeline HVAC,699.03,2026-05-17,2026-06-16,pending,PO-6403
INV-2026-4186,Northwind Security,936.78,2026-03-02,2026-04-16,paid,PO-6701
INV-2026-4509,Everline Distribution,374.2,2026-02-27,2026-03-14,pending,PO-6843
INV-2026-5106,Trustpoint Insurance,158.98,2026-05-17,2026-07-01,pending,PO-6451
INV-2026-2670,SUMMIT OFFICE SUPPLIES,4330.15,2026-02-21,2026-04-07,pending,PO-6974
INV-2026-2808,Quartz Design Studio,1876.68,2026-02-21,2026-04-07,pending,PO-6257
INV-2026-4999,Fleetline Maintenance,1513.04,2026-05-02,2026-06-01,paid,PO-6294
INV-2026-4098,Civic Square Legal,1319.64,2026-03-06,2026-04-05,overdue,PO-6624
INV-2026-3078,Precision Print Shop,385.97,2026-03-10,2026-05-09,pending,PO-6580
INV-2026-2442,Baystate Facilities,141.31,2026-04-14,2026-04-29,paid,PO-6378
INV-2026-2809,Ridgeline HVAC,493.61,2026-06-21,2026-07-21,paid,PO-6764
INV-2026-3986,Ironclad Logistics,628.38,2026-04-24,2026-06-23,paid,PO-6971
INV-2026-3122,Wellspring Analytics,5112.39,2026-04-07,2026-05-07,pending,PO-6078
INV-2026-4150,Pinnacle Telecom,1493.8,2026-02-25,2026-03-12,paid,PO-6646
INV-2026-3477,Delta Freight Solutions,4423.57,2026-05-01,2026-05-31,paid,PO-6453
INV-2026-4409,Northwind Security,2421.23,2026-05-25,2026-06-24,paid,PO-6383
INV-2026-4721,Northwind Security,1132.84,2026-04-28,2026-05-28,pending,PO-6193
INV-2026-2141,Pinnacle Telecom,1026.4,2026-02-03,2026-03-05,paid,PO-6540
INV-2026-5006,Zenith IT Consulting,2792.82,2026-01-13,2026-02-12,paid,PO-6944
INV-2026-2609,Fleetline Maintenance,1568.51,2026-05-13,2026-07-12,overdue,PO-6568
INV-2026-2979,Pinnacle Telecom,1663.6,2026-03-16,2026-04-15,pending,PO-6831
INV-2026-3465,Trustpoint Insurance,1780.58,2026-04-17,2026-05-17,paid,PO-6216
INV-2026-4813,Riverside Cleaning Co,101.46,2026-04-15,2026-05-15,overdue,PO-6799
INV-2026-3476,Bluepeak Marketing,816.7,2026-06-09,2026-07-09,overdue,PO-6639
INV-2026-4638,Quartz Design Studio,2863.84,2026-01-29,2026-02-13,paid,PO-6293
INV-2026-3152,Baystate Facilities,27.52,2026-05-21,2026-06-20,pending,PO-6252
INV-2026-3995,Everline Distribution,9129.2,2026-02-08,2026-03-25,pending,PO-6711
INV-2026-2405,Harborstone Consulting,4841.23,2026-05-27,2026-06-26,paid,PO-6236
INV-2026-2661,SUMMIT OFFICE SUPPLIES,397.67,2026-01-16,2026-02-15,paid,PO-6205
INV-2026-3583,Pinnacle Telecom,1385.3,2026-03-28,2026-04-12,overdue,PO-6470
INV-2026-3761,Baystate Facilities,342.61,2026-03-06,2026-04-05,overdue,PO-6810
INV-2026-4443,Bluepeak Marketing,105.82,2026-05-10,2026-06-24,paid,PO-6468
INV-2026-3857,Wellspring Analytics,6865.86,2026-02-17,2026-03-19,pending,PO-6448
INV-2026-4906,summit office supplies,139.7,2026-04-11,2026-04-26,overdue,PO-6179
INV-2026-5182,Riverside Cleaning Co,1830.25,2026-05-12,2026-06-11,overdue,PO-6135
INV-2026-3067,Ironclad Logistics,1653.01,2026-02-22,2026-03-09,paid,PO-6108
INV-2026-2671,Everline Distribution,285.91,2026-03-03,2026-04-17,pending,PO-6662
INV-2026-4823,SUMMIT OFFICE SUPPLIES,591.5,2026-02-16,2026-03-03,overdue,PO-6614
INV-2026-4309,Delta Freight Solutions,3127.49,2026-01-08,2026-02-07,pending,PO-6563
INV-2026-3327,Trustpoint Insurance,491.21,2026-05-19,2026-06-18,overdue,PO-6567
INV-2026-4269,Meadowbrook Payroll,826.46,2026-06-18,2026-08-17,paid,PO-6091
INV-2026-4080,Summit Office Supplies,3551.84,2026-03-16,2026-03-31,pending,PO-6709
INV-2026-2647,IRONCLAD LOGISTICS,1763.58,2026-06-10,2026-07-10,overdue,PO-6653
INV-2026-3865,Riverside Cleaning Co,1040.27,2026-03-20,2026-05-04,overdue,PO-6983
INV-2026-4985,Wellspring Analytics,391.51,2026-02-14,2026-03-16,pending,PO-6050
INV-2026-5263,Precision Print Shop,1839.26,2026-04-27,2026-05-27,pending,PO-6562
INV-2026-3490,Civic Square Legal,,2026-05-18,2026-07-02,pending,PO-6884
INV-2026-2570,Ironclad Logistics,213.66,2026-03-07,2026-04-06,overdue,PO-6385
INV-2026-3094,Delta Freight Solutions LLC,149.39,2026-05-25,2026-07-24,paid,PO-6070
INV-2026-3510,Harborstone Consulting Group,151.59,2026-06-02,2026-06-17,overdue,PO-6443
INV-2026-2489,Bluepeak Marketing,1740.87,2026-05-14,2026-06-13,overdue,PO-6235
INV-2026-4119,Ridgeline HVAC,223.67,2026-02-12,2026-03-29,pending,PO-6836
INV-2026-3382,Golden Valley Catering,1097.39,2026-05-14,2026-06-28,paid,PO-6891
INV-2026-3416,Ridgeline HVAC,665.58,2026-03-14,2026-04-13,overdue,PO-6238
INV-2026-2151,Trustpoint Insurance,1002.38,2026-01-15,2026-01-30,pending,PO-6565
INV-2026-5144,Northwind Security,678.28,2026-05-07,2026-07-06,paid,PO-6400
INV-2026-2795,Ironclad Logistics,467.19,2026-02-09,2026-04-10,overdue,PO-6959
INV-2026-4205,Precision Print Shop,432.91,2026-05-22,2026-06-21,paid,PO-6164
INV-2026-3206,Ridgeline HVAC,661.72,2026-01-28,2026-02-12,paid,PO-6344
INV-2026-3949,Ridgeline HVAC,2380.04,2026-05-09,2026-06-08,paid,PO-6997
INV-2026-2623,IRONCLAD LOGISTICS,480.44,2026-06-08,2026-08-07,overdue,PO-6151
INV-2026-3168,Zenith IT Consulting,576.29,2026-06-09,2026-08-08,pending,PO-6405
INV-2026-4127,Northwind Security,328.12,2026-03-03,2026-04-17,overdue,PO-6713
INV-2026-3974,Harborstone Consulting Group,757.8,2026-05-18,2026-06-02,overdue,PO-6635
INV-2026-2426,Harborstone Consulting Group,2569.26,2026-03-12,2026-03-27,pending,PO-6709
INV-2026-2075,Everline Distribution,464.14,2026-02-08,2026-03-10,overdue,PO-6109
INV-2026-3918,Ridgeline HVAC,128.67,2026-04-14,2026-05-29,paid,PO-6257
INV-2026-4762,Wellspring Analytics,80.31,2026-05-17,2026-06-16,pending,PO-6854
INV-2026-2626,Meadowbrook Payroll,555.57,2026-02-10,2026-03-27,pending,PO-6360
INV-2026-4596,Civic Square Legal,723.11,2026-05-07,2026-06-06,paid,PO-6742
INV-2026-3774,Harborstone Consulting Group,1112.49,2026-05-03,2026-06-17,pending,PO-6936
INV-2026-4767,Meadowbrook Payroll,376.68,2026-05-29,2026-06-28,overdue,PO-6355
INV-2026-4169,Riverside Cleaning Co,680.28,2026-03-26,2026-05-10,pending,PO-6389
INV-2026-3325,Precision Print Shop,663.12,2026-05-24,2026-07-08,overdue,PO-6314
INV-2026-3679,Northwind Security,48.79,2026-05-13,2026-06-27,pending,PO-6222
INV-2026-4859,Civic Square Legal,843.89,2026-04-28,2026-06-12,overdue,PO-6511
INV-2026-3499,Trustpoint Insurance,714.24,2026-06-04,2026-07-19,paid,PO-6084
INV-2026-5213,Zenith IT Consulting,569.2,2026-03-26,2026-04-25,overdue,PO-6741
INV-2026-3743,Riverside Cleaning Co,493.82,2026-05-20,2026-06-19,paid,PO-6230
INV-2026-2569,Meadowbrook Payroll,384.45,2026-03-24,2026-04-23,pending,PO-6738
INV-2026-4354,Civic Square Legal,371.36,2026-03-08,2026-04-22,pending,PO-6041
INV-2026-3203,Harborstone Consulting Group,103.79,2026-02-07,2026-04-08,pending,PO-6813
INV-2026-2395,Harborstone Consulting,377.45,2026-03-27,2026-04-11,paid,PO-6110
INV-2026-2276,Harborstone Consulting Group,885.81,2026-03-20,2026-04-19,paid,PO-6375
INV-2026-2807,Quartz Design Studio,747.17,2026-05-12,2026-05-27,overdue,PO-6247
INV-2026-5123,Zenith IT Consulting,1003.35,2026-01-25,2026-02-24,paid,PO-6991
INV-2026-5115,Wellspring Analytics,1611.11,2026-05-12,2026-06-26,paid,PO-6729
INV-2026-4800,summit office supplies,800.18,2026-05-14,2026-06-28,pending,PO-6933
INV-2026-4551,Baystate Facilities,409.42,2026-04-22,2026-05-07,paid,PO-6124
INV-2026-2552,Civic Square Legal,1154.98,2026-02-10,2026-03-12,overdue,PO-6661
INV-2026-5104,Fleetline Maintenance,14742.51,2026-04-22,2026-05-22,pending,PO-6754
INV-2026-3788,Everline Distribution,2401.72,2026-01-12,2026-02-11,pending,PO-6637
INV-2026-4085,BluePeak Marketing,416.65,2026-03-08,2026-03-23,overdue,PO-6836
INV-2026-4849,Delta Freight Solutions,58.11,2026-06-14,2026-06-29,paid,PO-6269
INV-2026-3897,Northwind Security,703.58,2026-02-15,2026-03-17,pending,PO-6235
INV-2026-3565,Bluepeak Marketing,3233.94,2026-03-05,2026-05-04,paid,PO-6807
INV-2026-2168,Harborstone Consulting,488.42,2026-04-15,2026-05-15,overdue,PO-6967
INV-2026-3332,Harborstone Consulting Group,351.08,2026-02-19,2026-04-20,pending,PO-6829
INV-2026-4692,Precision Print Shop,663.59,2026-01-11,2026-02-10,overdue,PO-6613
INV-2026-3803,Harborstone Consulting,5344.25,2026-03-27,2026-04-26,paid,PO-6872
INV-2026-2891,Precision Print Shop,2040.77,2026-05-21,2026-06-20,pending,PO-6250
INV-2026-3034,Baystate Facilities,482.45,2026-03-26,2026-04-25,pending,PO-6355
INV-2026-2551,Golden Valley Catering,389.17,2026-04-07,2026-05-07,pending,PO-6641
INV-2026-3123,Bluepeak Marketing,1217.46,2026-01-06,2026-02-05,pending,PO-6206
INV-2026-4574,Summit Office Supplies,380.29,2026-03-19,2026-04-18,overdue,PO-6924
INV-2026-5059,Zenith IT Consulting,12280.11,2026-06-05,2026-06-20,pending,PO-6122
INV-2026-2947,Wellspring Analytics,1324.33,2026-03-17,2026-04-16,pending,PO-6392
INV-2026-3180,Quartz Design Studio,2593.84,2026-01-25,2026-02-24,pending,PO-6638
INV-2026-3472,Civic Square Legal,1724.04,2026-03-24,2026-04-23,paid,PO-6175
INV-2026-4005,BluePeak Marketing,2923.98,2026-02-09,2026-04-10,pending,PO-6473
INV-2026-3508,Bluepeak Marketing,,2026-06-01,2026-07-01,overdue,PO-6157
INV-2026-3839,Quartz Design Studio,807.45,2026-03-27,2026-04-26,pending,PO-6062
INV-2026-3212,Precision Print Shop,2035.55,2026-06-03,2026-07-03,pending,PO-6993
INV-2026-4499,BluePeak Marketing,2330.5,2026-06-20,2026-07-05,pending,PO-6772
INV-2026-3066,Summit Office Supplies,1000.71,2026-04-13,2026-05-13,overdue,PO-6366
INV-2026-5085,Riverside Cleaning Co,502.78,2026-01-30,2026-03-01,pending,PO-6854
INV-2026-3647,Northwind Security,1199.13,2026-02-03,2026-04-04,overdue,PO-6042
INV-2026-2267,Harborstone Consulting Group,3569.48,2026-04-01,2026-05-01,paid,PO-6662
INV-2026-2770,Trustpoint Insurance,2231.44,2026-04-18,2026-05-18,overdue,PO-6783
INV-2026-4337,Delta Freight Solutions LLC,120.12,2026-06-10,2026-07-10,overdue,PO-6364
INV-2026-2437,IRONCLAD LOGISTICS,2156.79,2026-06-06,2026-08-05,pending,PO-6201
INV-2026-2077,Northwind Security,2093.82,2026-03-23,2026-04-22,pending,PO-6170
INV-2026-2757,Northwind Security,1148.18,2026-03-05,2026-04-04,pending,PO-6869
INV-2026-4995,Summit Office Supplies,63.21,2026-05-19,2026-06-18,pending,PO-6992
INV-2026-4559,Ridgeline HVAC,185.33,2026-04-26,2026-05-11,paid,PO-6011
INV-2026-4808,Precision Print Shop,387.13,2026-04-19,2026-05-19,pending,PO-6556
INV-2026-2481,Delta Freight Solutions,1705.96,2026-06-13,2026-08-12,overdue,PO-6639
INV-2026-3539,Northwind Security,108.7,2026-02-22,2026-03-24,pending,PO-6022
INV-2026-2868,Meadowbrook Payroll,1183.84,2026-05-10,2026-06-09,paid,PO-6920
INV-2026-5283,Trustpoint Insurance,1180.0,2026-04-03,2026-04-18,paid,PO-6704
INV-2026-5228,Delta Freight Solutions,1896.46,2026-03-18,2026-04-17,paid,PO-6303
INV-2026-2906,Harborstone Consulting Group,246.06,2026-03-26,2026-04-25,paid,PO-6195
INV-2026-3998,Zenith IT Consulting,600.46,2026-03-28,2026-04-12,overdue,PO-6463
INV-2026-4534,Quartz Design Studio,278.77,2026-01-08,2026-03-09,pending,PO-6914
INV-2026-3159,Golden Valley Catering,993.66,2026-03-24,2026-04-08,pending,PO-6696
INV-2026-2945,Precision Print Shop,2537.4,2026-02-25,2026-03-27,pending,PO-6581
INV-2026-4126,IRONCLAD LOGISTICS,3086.23,2026-03-06,2026-04-20,pending,PO-6936
INV-2026-3376,Zenith IT Consulting,8116.76,2026-03-05,2026-05-04,pending,PO-6394
INV-2026-3234,Ridgeline HVAC,344.23,2026-05-08,2026-07-07,overdue,PO-6454
INV-2026-3605,Delta Freight Solutions,14670.39,2026-06-19,2026-07-19,paid,PO-6112
INV-2026-2773,Delta Freight Solutions,412.62,2026-01-06,2026-02-20,overdue,PO-6795
INV-2026-4654,Everline Distribution,132.67,2026-05-06,2026-06-05,paid,PO-6913
INV-2026-2720,SUMMIT OFFICE SUPPLIES,1465.99,2026-03-14,2026-04-13,paid,PO-6296
INV-2026-5201,Baystate Facilities,1021.15,2026-05-27,2026-06-26,pending,PO-6250
INV-2026-2352,Harborstone Consulting,164.34,2026-05-06,2026-05-21,overdue,PO-6366
INV-2026-4228,Bluepeak Marketing,7558.09,2026-05-09,2026-07-08,pending,PO-6771
INV-2026-4394,Baystate Facilities,1361.66,2026-01-10,2026-02-09,paid,PO-6628
INV-2026-3879,Quartz Design Studio,655.27,2026-02-15,2026-03-02,overdue,PO-6428
INV-2026-4797,Zenith IT Consulting,404.75,2026-06-18,2026-07-18,overdue,PO-6588
INV-2026-4037,IRONCLAD LOGISTICS,430.74,2026-01-03,2026-02-02,pending,PO-6833
INV-2026-3258,Riverside Cleaning Co,1096.15,2026-06-04,2026-07-04,pending,PO-6711
INV-2026-4730,Golden Valley Catering,608.24,2026-03-08,2026-04-07,overdue,PO-6390
INV-2026-5037,IRONCLAD LOGISTICS,1396.05,2026-02-05,2026-03-22,paid,PO-6551
INV-2026-4300,Civic Square Legal,1465.2,2026-01-20,2026-02-19,overdue,PO-6941
INV-2026-3345,BluePeak Marketing,262.88,2026-04-08,2026-04-23,overdue,PO-6822
INV-2026-4895,Quartz Design Studio,2478.57,2026-06-15,2026-06-30,pending,PO-6003
INV-2026-4188,Northwind Security,575.09,2026-05-10,2026-07-09,paid,PO-6939
INV-2026-2157,summit office supplies,2277.31,2026-06-04,2026-06-19,paid,PO-6690
INV-2026-5235,Ridgeline HVAC,600.57,2026-01-05,2026-02-19,overdue,PO-6117
INV-2026-2224,summit office supplies,4358.45,2026-05-26,2026-07-25,paid,PO-6583
INV-2026-4335,Fleetline Maintenance,58.89,2026-05-11,2026-07-10,pending,PO-6508
INV-2026-4175,IRONCLAD LOGISTICS,1438.98,2026-05-10,2026-06-24,overdue,PO-6565
INV-2026-2396,BluePeak Marketing,,2026-03-08,2026-05-07,overdue,PO-6876
INV-2026-3992,Fleetline Maintenance,226.48,2026-02-26,2026-03-28,paid,PO-6596
INV-2026-3198,Baystate Facilities,2783.28,2026-03-31,2026-04-30,paid,PO-6869
INV-2026-2688,Wellspring Analytics,772.89,2026-03-22,2026-05-21,overdue,PO-6384
INV-2026-3726,Ridgeline HVAC,629.19,2026-03-28,2026-04-27,paid,PO-6335
INV-2026-3889,Ridgeline HVAC,1390.72,2026-03-06,2026-04-20,paid,PO-6478
INV-2026-2015,Zenith IT Consulting,1340.15,,2026-06-19,pending,PO-6688
INV-2026-5121,Northwind Security,2393.61,2026-02-19,2026-03-21,pending,PO-6868
INV-2026-3845,Trustpoint Insurance,1033.49,2026-04-17,2026-05-02,overdue,PO-6740
INV-2026-4011,Trustpoint Insurance,348.16,,2026-02-15,overdue,PO-6331
INV-2026-2460,Fleetline Maintenance,462.87,2026-01-29,2026-02-28,paid,PO-6821
INV-2026-4606,Ridgeline HVAC,4953.09,2026-06-10,2026-07-25,pending,PO-6957
INV-2026-3384,Fleetline Maintenance,379.58,2026-01-12,2026-02-11,paid,PO-6469
INV-2026-2876,SUMMIT OFFICE SUPPLIES,330.03,2026-06-21,2026-08-20,paid,PO-6793
INV-2026-3837,Baystate Facilities,822.86,2026-02-24,2026-03-11,paid,PO-6441
INV-2026-2985,Pinnacle Telecom,425.99,2026-02-01,2026-04-02,paid,PO-6266
INV-2026-3558,Meadowbrook Payroll,77.74,,2026-05-24,paid,PO-6093
INV-2026-2557,Bluepeak Marketing,408.69,2026-06-18,2026-07-03,paid,PO-6723
INV-2026-5174,Northwind Security,481.32,2026-03-21,2026-04-20,overdue,PO-6528
INV-2026-3910,Delta Freight Solutions LLC,763.16,2026-02-16,2026-03-18,paid,PO-6364
INV-2026-3317,Everline Distribution,733.36,2026-05-16,2026-06-15,pending,PO-6899
INV-2026-2065,Fleetline Maintenance,450.5,2026-06-29,2026-07-29,pending,PO-6337
INV-2026-4290,Fleetline Maintenance,2390.27,2026-03-03,2026-04-02,paid,PO-6005
INV-2026-4209,Riverside Cleaning Co,2196.92,2026-06-24,2026-08-23,paid,PO-6645
INV-2026-5237,Civic Square Legal,3634.51,2026-04-05,2026-06-04,pending,PO-6410
INV-2026-2425,Everline Distribution,10425.83,2026-01-22,2026-03-23,paid,PO-6641
INV-2026-4376,Precision Print Shop,1074.14,2026-03-29,2026-05-13,overdue,PO-6436
INV-2026-2621,Fleetline Maintenance,879.1,2026-01-10,2026-02-24,paid,PO-6904
INV-2026-4025,Trustpoint Insurance,2636.65,2026-06-01,2026-07-01,pending,PO-6509
INV-2026-4331,Wellspring Analytics,1265.47,2026-06-08,2026-07-08,paid,PO-6239
INV-2026-2873,IRONCLAD LOGISTICS,7341.9,2026-05-04,2026-07-03,overdue,PO-6372
INV-2026-4924,Civic Square Legal,474.46,2026-03-04,2026-04-18,pending,PO-6305
INV-2026-4301,IRONCLAD LOGISTICS,32.62,2026-05-20,2026-06-19,pending,PO-6991
INV-2026-4297,Ironclad Logistics,2138.93,2026-02-06,2026-02-21,paid,PO-6495
INV-2026-4937,Pinnacle Telecom,508.89,2026-05-21,2026-07-20,paid,PO-6551
INV-2026-2369,SUMMIT OFFICE SUPPLIES,2507.27,2026-04-08,2026-06-07,overdue,PO-6337
INV-2026-4874,Quartz Design Studio,68.61,2026-04-09,2026-05-09,pending,PO-6417
INV-2026-2848,Pinnacle Telecom,648.58,2026-05-17,2026-06-16,overdue,PO-6994
INV-2026-3011,Riverside Cleaning Co,784.83,2026-03-31,2026-04-30,pending,PO-6848
INV-2026-4352,Fleetline Maintenance,356.68,2026-06-28,2026-07-28,pending,PO-6019
INV-2026-2571,Bluepeak Marketing,1558.75,2026-03-05,2026-05-04,overdue,PO-6529
INV-2026-3298,Bluepeak Marketing,4912.87,2026-04-27,2026-05-27,pending,PO-6831
INV-2026-3885,Trustpoint Insurance,635.0,2026-05-11,2026-06-10,overdue,PO-6166
INV-2026-3153,Northwind Security,5050.67,2026-06-27,2026-07-27,pending,PO-6039
INV-2026-4814,SUMMIT OFFICE SUPPLIES,1848.84,2026-02-14,2026-03-01,pending,PO-6890
INV-2026-4312,Quartz Design Studio,134.13,2026-04-10,2026-05-25,overdue,PO-6120
INV-2026-3561,Bluepeak Marketing,68.78,2026-01-02,2026-02-01,paid,PO-6741
INV-2026-3855,Meadowbrook Payroll,214.68,2026-06-02,2026-07-02,paid,PO-6287
INV-2026-4420,Baystate Facilities,235.21,2026-03-31,2026-04-30,overdue,PO-6360
INV-2026-2493,Riverside Cleaning Co,271.88,2026-03-22,2026-04-21,paid,PO-6838
INV-2026-3804,Riverside Cleaning Co,142.57,2026-02-12,2026-04-13,paid,PO-6156
INV-2026-2601,BluePeak Marketing,3972.41,2026-02-17,2026-03-19,paid,PO-6115
INV-2026-2271,Northwind Security,575.58,2026-04-13,2026-04-28,overdue,PO-6786
INV-2026-2259,Northwind Security,6253.29,2026-03-27,2026-04-26,paid,PO-6077
INV-2026-2667,Northwind Security,756.65,2026-04-07,2026-05-07,paid,PO-6009
INV-2026-3607,Precision Print Shop,185.53,2026-03-20,2026-04-04,pending,PO-6940
INV-2026-3386,Meadowbrook Payroll,1693.01,2026-05-31,2026-07-30,pending,PO-6472
INV-2026-5108,Trustpoint Insurance,2720.27,2026-02-01,2026-03-18,paid,PO-6184
INV-2026-2049,Quartz Design Studio,1962.29,2026-01-12,2026-02-11,paid,PO-6736
INV-2026-4004,Harborstone Consulting Group,98.2,2026-06-05,2026-08-04,overdue,PO-6911
INV-2026-3174,Civic Square Legal,3293.28,2026-03-28,2026-04-27,overdue,PO-6066
INV-2026-2417,IRONCLAD LOGISTICS,633.56,2026-03-01,2026-04-30,paid,PO-6664
INV-2026-3063,Bluepeak Marketing,512.97,2026-01-01,2026-03-02,pending,PO-6800
INV-2026-2210,Wellspring Analytics,447.16,2026-05-29,2026-06-13,overdue,PO-6993
INV-2026-3731,Zenith IT Consulting,2664.35,2026-06-19,2026-07-04,pending,PO-6437
INV-2026-2326,Everline Distribution,675.41,2026-02-11,2026-03-28,overdue,PO-6712
INV-2026-3025,Everline Distribution,1016.33,2026-06-18,2026-07-18,pending,PO-6401
INV-2026-4558,Summit Office Supplies,242.83,2026-05-22,2026-06-21,pending,PO-6951
INV-2026-3868,Zenith IT Consulting,1021.21,2026-06-07,2026-08-06,overdue,PO-6758
INV-2026-3108,Meadowbrook Payroll,248.06,,2026-05-22,pending,PO-6542
INV-2026-3377,Meadowbrook Payroll,2595.61,2026-01-18,2026-02-02,paid,PO-6462
INV-2026-3541,Northwind Security,,2026-05-05,2026-06-04,overdue,PO-6809
INV-2026-2318,Fleetline Maintenance,320.91,2026-05-29,2026-06-28,pending,PO-6585
INV-2026-3141,Pinnacle Telecom,367.62,2026-04-14,2026-04-29,overdue,PO-6419
INV-2026-3896,summit office supplies,1435.18,2026-03-30,2026-04-29,pending,PO-6352
INV-2026-2150,Zenith IT Consulting,670.88,2026-03-18,2026-04-17,paid,PO-6822
INV-2026-3344,Fleetline Maintenance,230.4,2026-05-05,2026-06-04,paid,PO-6728
INV-2026-3244,Golden Valley Catering,11601.72,2026-01-28,2026-02-27,overdue,PO-6405
INV-2026-3514,Quartz Design Studio,,2026-01-28,2026-03-29,paid,PO-6218
INV-2026-2156,Baystate Facilities,162.98,2026-01-07,2026-01-22,paid,PO-6361
INV-2026-2662,Riverside Cleaning Co,1050.31,2026-01-31,2026-04-01,overdue,PO-6231
INV-2026-3407,Golden Valley Catering,831.58,2026-04-14,2026-05-14,paid,PO-6814
INV-2026-4713,Ridgeline HVAC,2139.02,2026-01-23,2026-03-09,overdue,PO-6727
INV-2026-4381,Baystate Facilities,674.52,2026-01-02,2026-02-01,paid,PO-6638
INV-2026-2278,Northwind Security,36.19,2026-02-25,2026-04-11,paid,PO-6246
INV-2026-2243,Precision Print Shop,2384.74,2026-03-31,2026-04-30,overdue,PO-6575
INV-2026-2237,Quartz Design Studio,1077.88,2026-01-29,2026-02-13,paid,PO-6514
INV-2026-3784,Pinnacle Telecom,234.09,2026-06-05,2026-07-05,overdue,PO-6488
INV-2026-4726,Bluepeak Marketing,848.63,2026-06-02,2026-07-17,overdue,PO-6297
INV-2026-4577,Pinnacle Telecom,6561.5,2026-01-10,2026-02-09,overdue,PO-6364
INV-2026-3245,Ridgeline HVAC,577.86,2026-02-11,2026-02-26,pending,PO-6184
INV-2026-2871,Wellspring Analytics,85.14,2026-06-17,2026-07-17,pending,PO-6812
INV-2026-2113,IRONCLAD LOGISTICS,543.85,2026-03-14,2026-04-13,overdue,PO-6228
INV-2026-3980,Riverside Cleaning Co,517.13,2026-01-25,2026-03-11,paid,PO-6230
INV-2026-2594,Wellspring Analytics,744.75,2026-06-06,2026-08-05,pending,PO-6231
INV-2026-3447,BluePeak Marketing,2369.63,2026-02-20,2026-03-07,overdue,PO-6523
INV-2026-4268,Pinnacle Telecom,3465.99,2026-02-21,2026-03-23,pending,PO-6569
INV-2026-2483,Golden Valley Catering,671.0,2026-05-09,2026-06-08,pending,PO-6724
INV-2026-4791,Harborstone Consulting Group,1473.07,2026-03-14,2026-04-13,overdue,PO-6317
INV-2026-5183,Civic Square Legal,787.62,2026-04-21,2026-05-21,paid,PO-6492
INV-2026-4196,Quartz Design Studio,1838.48,2026-04-17,2026-05-17,pending,PO-6307
INV-2026-4289,BluePeak Marketing,930.36,2026-03-23,2026-04-07,pending,PO-6711
INV-2026-3311,Civic Square Legal,2105.81,2026-02-01,2026-04-02,pending,PO-6486
INV-2026-3720,Ironclad Logistics,721.81,2026-02-16,2026-03-18,paid,PO-6107
INV-2026-2241,Harborstone Consulting,6270.93,2026-01-04,2026-02-03,paid,PO-6729
INV-2026-3797,Delta Freight Solutions LLC,245.39,2026-04-02,2026-05-02,paid,PO-6075
INV-2026-3013,Golden Valley Catering,645.92,2026-04-19,2026-05-19,pending,PO-6559
INV-2026-3056,BluePeak Marketing,2224.33,2026-01-02,2026-02-01,paid,PO-6948
INV-2026-2958,Fleetline Maintenance,1035.86,2026-03-24,2026-04-08,pending,PO-6442
INV-2026-2902,Everline Distribution,547.43,2026-02-17,2026-04-18,pending,PO-6295
INV-2026-2399,Golden Valley Catering,1924.73,2026-05-21,2026-07-05,pending,PO-6758
INV-2026-2806,Delta Freight Solutions,906.38,2026-02-16,2026-04-17,pending,PO-6872
INV-2026-3279,IRONCLAD LOGISTICS,2528.68,2026-05-23,2026-07-07,overdue,PO-6054
INV-2026-4555,IRONCLAD LOGISTICS,653.42,2026-02-26,2026-03-28,paid,PO-6669
INV-2026-2540,Wellspring Analytics,326.73,2026-05-18,2026-06-02,pending,PO-6899
INV-2026-3348,Bluepeak Marketing,376.89,2026-01-31,2026-04-01,overdue,PO-6073
INV-2026-3373,Ridgeline HVAC,6498.83,2026-02-20,2026-03-22,overdue,PO-6559
INV-2026-4650,Delta Freight Solutions,1247.81,2026-04-24,2026-06-08,pending,PO-6910
INV-2026-4770,Everline Distribution,363.53,2026-04-02,2026-05-17,paid,PO-6824
INV-2026-3163,BluePeak Marketing,568.43,2026-01-21,2026-03-07,pending,PO-6038
INV-2026-2696,Precision Print Shop,902.86,2026-06-28,2026-07-28,pending,PO-6184
INV-2026-3178,Zenith IT Consulting,3635.11,2026-05-17,2026-06-16,overdue,PO-6773
INV-2026-4642,Civic Square Legal,361.73,2026-05-22,2026-06-21,paid,PO-6098
INV-2026-2072,Wellspring Analytics,1097.53,2026-03-01,2026-03-31,pending,PO-6837
INV-2026-3933,SUMMIT OFFICE SUPPLIES,33.88,2026-02-27,2026-03-14,overdue,PO-6302
INV-2026-2909,Harborstone Consulting,3266.61,2026-06-19,2026-07-04,paid,PO-6334
INV-2026-5152,Zenith IT Consulting,1111.69,2026-03-10,2026-04-09,paid,PO-6390
INV-2026-3716,Quartz Design Studio,669.71,2026-05-11,2026-06-10,paid,PO-6053
INV-2026-4897,Northwind Security,12806.84,2026-05-18,2026-07-02,overdue,PO-6410
INV-2026-2384,Ridgeline HVAC,66.83,2026-05-16,2026-06-15,overdue,PO-6312
INV-2026-2901,IRONCLAD LOGISTICS,22784.39,2026-05-30,2026-07-14,overdue,PO-6194
INV-2026-4775,SUMMIT OFFICE SUPPLIES,964.56,2026-05-28,2026-06-27,overdue,PO-6539
INV-2026-3766,Riverside Cleaning Co,2712.73,2026-04-27,2026-05-12,overdue,PO-6910
INV-2026-4537,Trustpoint Insurance,1898.83,,2026-04-25,overdue,PO-6803
INV-2026-3505,Ridgeline HVAC,4908.35,2026-03-15,2026-04-14,paid,PO-6159
INV-2026-4912,Harborstone Consulting Group,278.38,2026-03-21,2026-05-05,paid,PO-6567
INV-2026-4075,BluePeak Marketing,664.7,2026-02-11,2026-02-26,pending,PO-6960
INV-2026-4855,Everline Distribution,3338.38,2026-01-05,2026-02-04,pending,PO-6635
INV-2026-4056,BluePeak Marketing,4304.29,2026-01-11,2026-02-10,paid,PO-6861
INV-2026-2317,Quartz Design Studio,2187.22,2026-04-26,2026-05-26,paid,PO-6307
INV-2026-5204,Golden Valley Catering,757.76,2026-06-08,2026-07-08,overdue,PO-6475
INV-2026-3689,Precision Print Shop,1506.9,2026-02-07,2026-03-09,paid,PO-6332
INV-2026-3251,Trustpoint Insurance,146.19,2026-03-16,2026-04-15,pending,PO-6633
INV-2026-4984,Wellspring Analytics,5346.58,2026-02-23,2026-04-09,overdue,PO-6549
INV-2026-3017,Civic Square Legal,71.33,2026-01-18,2026-02-17,overdue,PO-6833
INV-2026-2130,Zenith IT Consulting,762.23,2026-03-06,2026-05-05,pending,PO-6511
INV-2026-3655,Ridgeline HVAC,1280.67,2026-01-08,2026-02-07,paid,PO-6666
INV-2026-2781,Ironclad Logistics,12067.56,2026-06-13,2026-06-28,paid,PO-6796
INV-2026-2295,Everline Distribution,1721.67,2026-04-16,2026-05-16,overdue,PO-6164
INV-2026-3124,summit office supplies,6030.3,2026-04-02,2026-05-02,paid,PO-6868
INV-2026-4392,Zenith IT Consulting,868.39,2026-05-06,2026-06-05,paid,PO-6430
INV-2026-3717,Fleetline Maintenance,848.84,2026-01-01,2026-01-16,pending,PO-6032
INV-2026-2063,Delta Freight Solutions LLC,941.97,2026-06-29,2026-07-14,paid,PO-6915
INV-2026-3381,Trustpoint Insurance,960.01,2026-01-28,2026-02-27,paid,PO-6582
INV-2026-4398,Harborstone Consulting Group,2051.94,2026-03-12,2026-05-11,paid,PO-6464
INV-2026-3667,Bluepeak Marketing,6563.97,2026-01-22,2026-02-21,paid,PO-6708
INV-2026-3112,Northwind Security,302.34,2026-05-24,2026-06-23,pending,PO-6627
INV-2026-4396,Ridgeline HVAC,4476.82,2026-05-21,2026-06-20,paid,PO-6326
INV-2026-4709,Harborstone Consulting Group,317.87,2026-03-29,2026-05-28,pending,PO-6292
INV-2026-5176,Harborstone Consulting,196.07,2026-05-28,2026-07-12,paid,PO-6624
INV-2026-4096,Wellspring Analytics,3263.28,2026-05-19,2026-07-03,pending,PO-6364
INV-2026-3302,Bluepeak Marketing,969.88,2026-04-19,2026-05-19,pending,PO-6399
INV-2026-3912,Northwind Security,3274.65,2026-03-29,2026-04-28,paid,PO-6081
INV-2026-2884,Harborstone Consulting,3697.46,2026-04-19,2026-05-19,pending,PO-6077
INV-2026-3500,SUMMIT OFFICE SUPPLIES,5078.78,2026-06-25,2026-08-24,paid,PO-6385
INV-2026-2646,Quartz Design Studio,1060.97,2026-01-11,2026-01-26,overdue,PO-6787
INV-2026-2665,SUMMIT OFFICE SUPPLIES,310.12,2026-04-30,2026-06-14,pending,PO-6518
INV-2026-4143,Meadowbrook Payroll,8273.57,2026-01-22,2026-02-21,overdue,PO-6602
INV-2026-4909,Everline Distribution,4783.1,,2026-06-15,paid,PO-6210
INV-2026-3096,Golden Valley Catering,900.11,2026-04-25,2026-05-25,pending,PO-6878
INV-2026-4637,Delta Freight Solutions LLC,2244.52,2026-06-11,2026-06-26,overdue,PO-6070
INV-2026-4321,Delta Freight Solutions,80.49,2026-06-14,2026-07-14,overdue,PO-6757
INV-2026-4604,Quartz Design Studio,1026.53,2026-04-13,2026-05-28,pending,PO-6870
INV-2026-5266,Summit Office Supplies,1426.84,2026-04-23,2026-05-23,overdue,PO-6321
INV-2026-4951,Delta Freight Solutions,426.82,2026-05-26,2026-07-10,overdue,PO-6536
INV-2026-4935,Trustpoint Insurance,789.85,2026-04-30,2026-05-30,overdue,PO-6733
INV-2026-5050,Ironclad Logistics,2223.64,2026-03-06,2026-04-05,pending,PO-6842
INV-2026-3623,IRONCLAD LOGISTICS,279.47,2026-04-23,2026-05-23,overdue,PO-6938
INV-2026-5169,Meadowbrook Payroll,642.37,2026-01-10,2026-02-24,paid,PO-6806
INV-2026-3457,SUMMIT OFFICE SUPPLIES,868.45,2026-03-05,2026-04-04,pending,PO-6565
INV-2026-4046,Baystate Facilities,446.98,2026-04-19,2026-05-19,pending,PO-6477
INV-2026-5265,Trustpoint Insurance,1197.5,2026-02-11,2026-03-13,paid,PO-6026
INV-2026-4873,Pinnacle Telecom,238.03,2026-06-02,2026-06-17,overdue,PO-6802
INV-2026-4006,Zenith IT Consulting,1197.25,2026-04-05,2026-05-20,pending,PO-6027
INV-2026-4280,Wellspring Analytics,1117.06,2026-06-20,2026-07-20,pending,PO-6842
INV-2026-3848,Precision Print Shop,1078.53,2026-01-07,2026-02-21,paid,PO-6931
INV-2026-3162,Civic Square Legal,,2026-02-02,2026-02-17,overdue,PO-6107
INV-2026-2106,Riverside Cleaning Co,3297.21,2026-04-25,2026-06-24,pending,PO-6629
INV-2026-3739,Trustpoint Insurance,7111.55,2026-02-10,2026-04-11,pending,PO-6882
INV-2026-3509,Civic Square Legal,376.64,2026-06-29,2026-07-29,pending,PO-6068
INV-2026-3641,Northwind Security,712.84,2026-03-14,2026-04-13,overdue,PO-6841
INV-2026-3929,Precision Print Shop,516.23,2026-01-22,2026-02-21,pending,PO-6521
INV-2026-3705,Bluepeak Marketing,5543.14,2026-06-14,2026-08-13,paid,PO-6631
INV-2026-2788,Delta Freight Solutions,2665.91,2026-02-27,2026-03-29,overdue,PO-6619
INV-2026-2930,Bluepeak Marketing,439.63,2026-03-10,2026-04-09,paid,PO-6842
INV-2026-4545,Baystate Facilities,14866.02,2026-06-22,2026-08-06,paid,PO-6929
INV-2026-2521,BluePeak Marketing,581.04,2026-03-18,2026-04-17,pending,PO-6222
INV-2026-5192,Zenith IT Consulting,106.06,2026-01-27,2026-03-28,paid,PO-6157
INV-2026-4136,Precision Print Shop,117.71,2026-04-07,2026-04-22,paid,PO-6751
INV-2026-3197,Quartz Design Studio,247.19,2026-06-16,2026-08-15,pending,PO-6038
INV-2026-2708,Wellspring Analytics,4638.35,2026-04-11,2026-05-11,pending,PO-6762
INV-2026-3591,Wellspring Analytics,1336.87,2026-06-17,2026-07-02,pending,PO-6300
INV-2026-3957,Quartz Design Studio,1514.78,2026-03-02,2026-04-01,overdue,PO-6318
INV-2026-4230,Harborstone Consulting,2409.39,2026-06-09,2026-07-09,pending,PO-6268
INV-2026-3927,Bluepeak Marketing,691.61,2026-06-21,2026-07-21,pending,PO-6535
INV-2026-2231,Delta Freight Solutions,309.04,2026-01-29,2026-02-13,overdue,PO-6662
INV-2026-5209,summit office supplies,1151.03,2026-06-15,2026-08-14,paid,PO-6905
INV-2026-2568,Trustpoint Insurance,2158.68,2026-01-06,2026-03-07,overdue,PO-6289
INV-2026-3612,Northwind Security,197.31,2026-05-21,2026-07-20,paid,PO-6447
INV-2026-4737,Meadowbrook Payroll,352.99,2026-04-08,2026-05-08,pending,PO-6009
INV-2026-3277,Ironclad Logistics,250.9,2026-06-08,2026-07-08,pending,PO-6070
INV-2026-2588,Everline Distribution,1364.7,2026-06-28,2026-07-28,pending,PO-6226
INV-2026-3750,IRONCLAD LOGISTICS,223.86,2026-06-21,2026-07-21,overdue,PO-6285
INV-2026-5190,Northwind Security,896.58,2026-05-01,2026-06-15,pending,PO-6009
INV-2026-2680,Pinnacle Telecom,258.48,2026-01-07,2026-02-06,paid,PO-6599
INV-2026-2816,Delta Freight Solutions,624.75,2026-04-24,2026-06-08,pending,PO-6610
INV-2026-2506,Pinnacle Telecom,705.86,2026-05-26,2026-06-25,pending,PO-6848
INV-2026-2079,Ridgeline HVAC,327.1,2026-05-13,2026-06-27,overdue,PO-6374
INV-2026-2236,summit office supplies,343.46,2026-06-19,2026-07-04,overdue,PO-6483
INV-2026-4026,Ironclad Logistics,978.97,2026-05-31,2026-07-30,pending,PO-6012
INV-2026-3464,Quartz Design Studio,4894.17,2026-06-23,2026-08-07,pending,PO-6657
INV-2026-2633,Precision Print Shop,3738.04,2026-05-16,2026-07-15,pending,PO-6186
INV-2026-4015,Everline Distribution,294.85,2026-05-05,2026-07-04,paid,PO-6584
INV-2026-2288,Riverside Cleaning Co,2492.12,2026-06-11,2026-07-11,paid,PO-6064
INV-2026-4281,Golden Valley Catering,966.33,2026-03-04,2026-04-03,pending,PO-6417
INV-2026-2094,Bluepeak Marketing,3293.0,2026-05-05,2026-06-04,paid,PO-6233
INV-2026-5029,Fleetline Maintenance,499.43,2026-02-20,2026-04-21,pending,PO-6724
INV-2026-4903,Pinnacle Telecom,1437.37,2026-06-24,2026-08-23,overdue,PO-6410
INV-2026-4414,Fleetline Maintenance,1344.28,2026-01-30,2026-02-14,paid,PO-6884
INV-2026-2177,Meadowbrook Payroll,733.27,2026-05-06,2026-06-05,overdue,PO-6260
INV-2026-3439,summit office supplies,163.24,2026-06-24,2026-08-23,pending,PO-6809
INV-2026-2208,Everline Distribution,1792.24,2026-05-08,2026-06-07,paid,PO-6683
INV-2026-2051,Summit Office Supplies,1239.5,2026-02-05,2026-03-22,paid,PO-6849
INV-2026-4627,Golden Valley Catering,629.6,2026-02-16,2026-03-03,paid,PO-6800
INV-2026-3956,Wellspring Analytics,3118.75,2026-05-08,2026-05-23,paid,PO-6021
INV-2026-3161,Meadowbrook Payroll,304.23,2026-06-06,2026-07-06,overdue,PO-6784
INV-2026-2390,Wellspring Analytics,266.9,2026-05-24,2026-07-08,pending,PO-6135
INV-2026-3530,Wellspring Analytics,1501.63,2026-03-16,2026-04-15,paid,PO-6793
INV-2026-4463,Harborstone Consulting,86.44,2026-01-13,2026-02-12,pending,PO-6156
INV-2026-2650,Civic Square Legal,2357.44,2026-02-27,2026-04-28,pending,PO-6214
INV-2026-3847,Wellspring Analytics,111.47,2026-02-25,2026-03-27,overdue,PO-6226
INV-2026-3988,Riverside Cleaning Co,316.98,2026-04-10,2026-05-25,paid,PO-6448
INV-2026-2554,Quartz Design Studio,362.09,2026-05-10,2026-06-09,pending,PO-6124
INV-2026-2143,Summit Office Supplies,875.54,2026-03-13,2026-04-27,overdue,PO-6942
INV-2026-3523,Civic Square Legal,4033.56,2026-04-20,2026-06-19,pending,PO-6113
INV-2026-4679,Ironclad Logistics,670.48,2026-01-23,2026-02-22,overdue,PO-6336
INV-2026-3242,Riverside Cleaning Co,1945.35,2026-01-04,2026-02-03,paid,PO-6410
INV-2026-3417,Harborstone Consulting Group,6552.06,2026-06-26,2026-08-10,pending,PO-6425
INV-2026-2017,Riverside Cleaning Co,245.21,2026-01-03,2026-01-18,overdue,PO-6051
INV-2026-5068,Wellspring Analytics,471.69,2026-03-28,2026-04-12,pending,PO-6142
INV-2026-2969,Quartz Design Studio,2266.0,2026-04-09,2026-06-08,paid,PO-6195
INV-2026-4792,Everline Distribution,1114.63,2026-03-06,2026-04-05,pending,PO-6889
INV-2026-2955,Meadowbrook Payroll,164.58,2026-05-01,2026-05-31,paid,PO-6630
INV-2026-4364,Baystate Facilities,699.87,2026-04-19,2026-05-19,overdue,PO-6754
INV-2026-2311,Summit Office Supplies,87.23,2026-03-02,2026-04-16,paid,PO-6986
INV-2026-4869,Riverside Cleaning Co,624.67,2026-05-26,2026-06-25,pending,PO-6078
INV-2026-3144,Everline Distribution,559.55,2026-05-15,2026-06-29,paid,PO-6058
INV-2026-4065,Civic Square Legal,644.45,2026-06-20,2026-08-19,paid,PO-6659
INV-2026-4693,Zenith IT Consulting,566.43,2026-04-22,2026-06-06,overdue,PO-6666
INV-2026-4633,Precision Print Shop,,2026-04-17,2026-05-02,paid,PO-6819
INV-2026-2252,Harborstone Consulting,5837.29,2026-04-07,2026-04-22,overdue,PO-6234
INV-2026-3721,Pinnacle Telecom,1986.99,2026-03-07,2026-03-22,pending,PO-6433
INV-2026-3939,Fleetline Maintenance,115.6,2026-01-22,2026-02-21,overdue,PO-6419
INV-2026-3963,Northwind Security,1715.83,2026-03-06,2026-05-05,paid,PO-6708
INV-2026-3815,Golden Valley Catering,6171.56,2026-06-20,2026-08-19,overdue,PO-6945
INV-2026-4276,Wellspring Analytics,976.6,2026-01-24,2026-02-23,paid,PO-6776
INV-2026-3531,Civic Square Legal,734.48,2026-01-24,2026-02-23,overdue,PO-6419
INV-2026-4130,Bluepeak Marketing,252.29,2026-06-13,2026-07-13,overdue,PO-6499
INV-2026-2258,Riverside Cleaning Co,239.31,2026-05-25,2026-06-24,paid,PO-6887
INV-2026-3729,Delta Freight Solutions,262.3,2026-02-20,2026-03-22,paid,PO-6725
INV-2026-2818,Everline Distribution,739.15,2026-01-05,2026-02-04,overdue,PO-6792
INV-2026-4769,Baystate Facilities,1488.46,2026-02-10,2026-02-25,pending,PO-6696
INV-2026-4083,Zenith IT Consulting,2648.22,2026-02-26,2026-04-12,paid,PO-6953
INV-2026-3263,Northwind Security,3185.9,2026-03-27,2026-04-26,pending,PO-6577
INV-2026-4573,Summit Office Supplies,267.72,2026-03-28,2026-04-27,pending,PO-6395
INV-2026-5078,Baystate Facilities,1913.09,2026-05-14,2026-06-28,paid,PO-6448
INV-2026-4793,Ironclad Logistics,1716.82,2026-02-18,2026-03-20,paid,PO-6940
INV-2026-3594,Riverside Cleaning Co,253.65,2026-03-17,2026-04-16,overdue,PO-6987
INV-2026-4547,Meadowbrook Payroll,,2026-03-31,2026-05-15,overdue,PO-6907
INV-2026-4225,Zenith IT Consulting,3199.13,2026-05-04,2026-07-03,paid,PO-6141
INV-2026-4456,Baystate Facilities,1470.79,2026-06-20,2026-08-04,paid,PO-6453
INV-2026-3209,Precision Print Shop,829.13,2026-04-15,2026-05-30,paid,PO-6960
INV-2026-2533,Delta Freight Solutions LLC,1722.5,2026-01-20,2026-03-21,pending,PO-6389
INV-2026-3520,Pinnacle Telecom,1324.45,2026-02-24,2026-03-26,overdue,PO-6493
INV-2026-2024,Precision Print Shop,2041.0,2026-03-11,2026-04-25,pending,PO-6286
INV-2026-2990,Zenith IT Consulting,666.34,2026-02-10,2026-03-12,pending,PO-6815
INV-2026-3331,Meadowbrook Payroll,2639.24,2026-05-14,2026-06-13,pending,PO-6373
INV-2026-5186,Precision Print Shop,203.73,2026-04-01,2026-05-01,pending,PO-6954
INV-2026-2470,Bluepeak Marketing,67.72,2026-03-23,2026-04-22,pending,PO-6837
INV-2026-3157,Fleetline Maintenance,3918.01,2026-06-14,2026-08-13,paid,PO-6123
INV-2026-5215,Quartz Design Studio,3577.5,2026-04-14,2026-05-14,paid,PO-6579
INV-2026-5000,Zenith IT Consulting,1833.48,2026-01-03,2026-02-17,paid,PO-6189
INV-2026-3964,Summit Office Supplies,2373.76,2026-01-04,2026-02-03,overdue,PO-6085
INV-2026-4764,Ironclad Logistics,35.64,2026-02-06,2026-03-08,overdue,PO-6879
INV-2026-3283,Fleetline Maintenance,3043.13,2026-06-18,2026-07-18,overdue,PO-6259
INV-2026-2988,Delta Freight Solutions,160.06,2026-06-10,2026-06-25,pending,PO-6043
INV-2026-4581,Everline Distribution,378.14,2026-04-11,2026-06-10,overdue,PO-6375
INV-2026-4669,Bluepeak Marketing,3049.97,2026-06-22,2026-07-22,paid,PO-6020
INV-2026-4274,Golden Valley Catering,818.01,2026-02-24,2026-04-25,pending,PO-6407
INV-2026-2560,Northwind Security,3442.19,2026-04-20,2026-06-19,paid,PO-6786
INV-2026-3759,Summit Office Supplies,2856.94,2026-03-21,2026-05-20,overdue,PO-6691
INV-2026-4564,Everline Distribution,184.51,2026-04-13,2026-04-28,paid,PO-6905
INV-2026-4962,Harborstone Consulting Group,868.93,2026-05-01,2026-05-31,overdue,PO-6532
INV-2026-2096,Meadowbrook Payroll,639.49,2026-03-26,2026-05-10,pending,PO-6015
INV-2026-3446,Pinnacle Telecom,774.3,2026-02-28,2026-04-14,overdue,PO-6767
INV-2026-5225,Precision Print Shop,6196.18,2026-06-05,2026-07-20,pending,PO-6047
INV-2026-2076,Zenith IT Consulting,478.27,2026-05-27,2026-07-11,overdue,PO-6756
INV-2026-4030,Harborstone Consulting Group,1255.9,2026-02-16,2026-03-03,overdue,PO-6895
INV-2026-2226,Riverside Cleaning Co,1393.62,2026-01-31,2026-03-02,pending,PO-6310
INV-2026-5175,Northwind Security,351.33,2026-02-26,2026-03-28,overdue,PO-6350
INV-2026-2135,Wellspring Analytics,12926.43,2026-03-03,2026-05-02,pending,PO-6299
INV-2026-5184,Civic Square Legal,1954.99,2026-03-24,2026-04-08,pending,PO-6913
INV-2026-3628,Pinnacle Telecom,104.34,2026-04-08,2026-05-23,pending,PO-6840
INV-2026-2687,Delta Freight Solutions,1726.35,2026-04-08,2026-05-08,overdue,PO-6299
INV-2026-2459,Wellspring Analytics,790.0,2026-01-08,2026-01-23,pending,PO-6648
INV-2026-2583,Fleetline Maintenance,723.13,2026-05-30,2026-07-29,overdue,PO-6071
INV-2026-4838,Baystate Facilities,2447.22,2026-05-05,2026-07-04,overdue,PO-6265
INV-2026-2575,Everline Distribution,5183.47,2026-05-04,2026-06-03,pending,PO-6110
INV-2026-3904,Delta Freight Solutions,157.65,2026-05-21,2026-06-05,paid,PO-6288
INV-2026-2319,Wellspring Analytics,3301.22,2026-06-29,2026-07-29,overdue,PO-6851
INV-2026-3567,Ironclad Logistics,466.68,2026-06-21,2026-07-21,overdue,PO-6258
INV-2026-4122,Quartz Design Studio,643.73,2026-03-13,2026-04-12,pending,PO-6673
INV-2026-4853,SUMMIT OFFICE SUPPLIES,268.91,2026-02-16,2026-04-02,paid,PO-6963
INV-2026-3459,Trustpoint Insurance,965.07,2026-01-06,2026-02-05,pending,PO-6449
INV-2026-4436,Quartz Design Studio,401.91,2026-03-14,2026-04-13,overdue,PO-6887
INV-2026-3894,Meadowbrook Payroll,541.51,2026-04-15,2026-05-15,paid,PO-6584
INV-2026-2839,Zenith IT Consulting,1355.51,2026-03-03,2026-04-17,pending,PO-6894
INV-2026-4460,Harborstone Consulting,647.17,2026-02-04,2026-03-06,overdue,PO-6963
INV-2026-4277,Civic Square Legal,596.56,2026-06-16,2026-07-16,overdue,PO-6969
INV-2026-2385,Wellspring Analytics,198.88,2026-03-29,2026-04-28,overdue,PO-6157
INV-2026-3173,Delta Freight Solutions LLC,440.35,2026-04-04,2026-06-03,overdue,PO-6062
INV-2026-4428,Ridgeline HVAC,528.31,2026-03-01,2026-04-15,pending,PO-6296
INV-2026-3824,Ridgeline HVAC,2927.3,2026-05-28,2026-07-27,pending,PO-6025
INV-2026-2127,Delta Freight Solutions LLC,406.56,2026-02-23,2026-03-25,overdue,PO-6613
INV-2026-4579,Trustpoint Insurance,3563.47,2026-06-07,2026-07-07,paid,PO-6053
INV-2026-2543,Bluepeak Marketing,1024.06,2026-02-10,2026-02-25,paid,PO-6110
INV-2026-4308,Riverside Cleaning Co,736.33,2026-01-08,2026-02-07,overdue,PO-6575
INV-2026-3371,Everline Distribution,297.04,2026-03-24,2026-04-08,overdue,PO-6620
INV-2026-5060,Delta Freight Solutions LLC,2254.78,2026-04-10,2026-05-25,overdue,PO-6578
INV-2026-3051,Civic Square Legal,5751.04,2026-03-18,2026-04-02,pending,PO-6227
INV-2026-4257,Meadowbrook Payroll,455.95,2026-01-24,2026-02-23,paid,PO-6946
INV-2026-3083,Wellspring Analytics,168.7,2026-06-18,2026-07-18,pending,PO-6562
INV-2026-5272,Riverside Cleaning Co,4345.44,2026-04-11,2026-05-11,paid,PO-6985
INV-2026-3808,Ridgeline HVAC,3144.74,2026-01-02,2026-02-01,overdue,PO-6481
INV-2026-4864,Harborstone Consulting,1481.12,2026-03-14,2026-04-13,overdue,PO-6878
INV-2026-2247,Harborstone Consulting Group,90.64,2026-04-01,2026-04-16,overdue,PO-6327
INV-2026-2048,Northwind Security,1062.64,2026-05-29,2026-06-28,overdue,PO-6085
INV-2026-3691,Riverside Cleaning Co,247.17,2026-05-27,2026-06-26,overdue,PO-6500
INV-2026-2725,Harborstone Consulting Group,1025.93,2026-02-16,2026-04-02,overdue,PO-6098
INV-2026-2605,Ridgeline HVAC,1554.35,2026-05-29,2026-06-28,overdue,PO-6538
INV-2026-2473,Golden Valley Catering,1575.75,2026-03-16,2026-04-15,paid,PO-6246
INV-2026-2424,Harborstone Consulting Group,735.71,2026-03-05,2026-04-04,paid,PO-6267
INV-2026-5211,Civic Square Legal,1863.31,2026-03-31,2026-04-30,overdue,PO-6024
INV-2026-2240,Golden Valley Catering,185.55,2026-06-10,2026-07-10,overdue,PO-6036
INV-2026-5280,Trustpoint Insurance,1180.0,2026-01-02,2026-01-17,paid,PO-6617
INV-2026-4734,Northwind Security,3009.6,2026-06-25,2026-07-25,overdue,PO-6682
INV-2026-2335,Golden Valley Catering,1953.31,2026-06-07,2026-08-06,paid,PO-6603
INV-2026-2819,Zenith IT Consulting,1003.51,2026-04-09,2026-04-24,pending,PO-6829
INV-2026-3887,Golden Valley Catering,1509.56,2026-05-29,2026-07-28,paid,PO-6004
INV-2026-3783,Everline Distribution,1078.63,2026-05-27,2026-07-26,paid,PO-6454
INV-2026-3274,Zenith IT Consulting,519.87,2026-02-08,2026-03-10,overdue,PO-6225
INV-2026-2545,Zenith IT Consulting,349.43,2026-01-17,2026-02-16,paid,PO-6504
INV-2026-3981,Harborstone Consulting Group,663.58,2026-02-06,2026-03-08,pending,PO-6183
INV-2026-3217,BluePeak Marketing,233.13,2026-02-11,2026-02-26,paid,PO-6874
INV-2026-2925,Zenith IT Consulting,668.81,2026-04-16,2026-05-31,pending,PO-6241
INV-2026-3993,Baystate Facilities,3040.2,2026-06-27,2026-08-11,paid,PO-6253
INV-2026-3568,Precision Print Shop,233.15,2026-02-25,2026-03-27,overdue,PO-6864
INV-2026-5120,Pinnacle Telecom,2238.62,2026-03-18,2026-04-02,pending,PO-6034
INV-2026-4263,Quartz Design Studio,691.43,2026-05-31,2026-07-15,overdue,PO-6862
INV-2026-3070,Pinnacle Telecom,154.2,2026-06-13,2026-07-13,pending,PO-6883
INV-2026-3936,Bluepeak Marketing,928.73,2026-04-04,2026-04-19,paid,PO-6119
INV-2026-4779,Golden Valley Catering,765.87,2026-04-18,2026-06-02,paid,PO-6974
INV-2026-4738,IRONCLAD LOGISTICS,611.82,2026-03-26,2026-04-25,overdue,PO-6765
INV-2026-4514,Riverside Cleaning Co,117.48,2026-01-09,2026-02-08,paid,PO-6484
INV-2026-4959,Meadowbrook Payroll,510.25,2026-04-08,2026-06-07,paid,PO-6928
INV-2026-5089,Harborstone Consulting Group,2108.96,2026-05-08,2026-06-07,pending,PO-6245
INV-2026-2142,Baystate Facilities,145.31,2026-04-11,2026-05-11,overdue,PO-6119
INV-2026-2762,Pinnacle Telecom,726.93,2026-01-10,2026-02-09,pending,PO-6680
INV-2026-5277,Meadowbrook Payroll,5200.0,2026-02-01,2026-02-16,paid,PO-6768
INV-2026-5143,Zenith IT Consulting,513.07,2026-03-27,2026-04-26,overdue,PO-6840
INV-2026-3356,Riverside Cleaning Co,5054.94,2026-06-22,2026-08-06,overdue,PO-6870
INV-2026-2039,Pinnacle Telecom,596.59,2026-03-28,2026-04-27,overdue,PO-6785
INV-2026-5137,Golden Valley Catering,1417.46,2026-06-06,2026-06-21,pending,PO-6699
INV-2026-4653,Everline Distribution,484.87,2026-06-23,2026-08-22,overdue,PO-6024
INV-2026-4431,Meadowbrook Payroll,377.94,2026-04-13,2026-05-13,overdue,PO-6747
INV-2026-2152,IRONCLAD LOGISTICS,6558.38,2026-03-12,2026-04-11,pending,PO-6266
INV-2026-3842,Wellspring Analytics,674.36,2026-04-17,2026-05-02,overdue,PO-6988
INV-2026-3021,Golden Valley Catering,596.02,2026-01-25,2026-02-24,paid,PO-6078
INV-2026-2820,Riverside Cleaning Co,858.06,2026-02-09,2026-03-11,pending,PO-6958
INV-2026-2645,Civic Square Legal,34.95,2026-03-21,2026-04-20,paid,PO-6526
INV-2026-3148,Golden Valley Catering,357.12,2026-04-14,2026-05-29,pending,PO-6517
INV-2026-2153,Zenith IT Consulting,4498.0,2026-02-19,2026-03-21,overdue,PO-6797
INV-2026-4009,Baystate Facilities,687.63,2026-03-03,2026-05-02,overdue,PO-6519
INV-2026-2038,Bluepeak Marketing,3386.61,2026-01-29,2026-02-28,paid,PO-6248
INV-2026-4742,Bluepeak Marketing,268.72,2026-06-24,2026-07-24,overdue,PO-6375
INV-2026-2505,Baystate Facilities,388.83,2026-03-02,2026-04-01,pending,PO-6961
INV-2026-3581,Baystate Facilities,981.1,2026-04-21,2026-05-21,paid,PO-6256
INV-2026-3708,Summit Office Supplies,3822.07,2026-05-20,2026-07-04,overdue,PO-6878
INV-2026-2550,Trustpoint Insurance,768.37,2026-02-24,2026-03-26,overdue,PO-6360
INV-2026-2328,Civic Square Legal,4639.48,2026-03-19,2026-05-03,overdue,PO-6199
INV-2026-3722,BluePeak Marketing,139.2,2026-03-21,2026-04-20,paid,PO-6776
INV-2026-5071,Quartz Design Studio,374.74,2026-06-20,2026-08-04,pending,PO-6216
INV-2026-3644,BluePeak Marketing,165.65,2026-06-05,2026-07-05,paid,PO-6038
INV-2026-4641,Ridgeline HVAC,1257.95,2026-06-12,2026-08-11,pending,PO-6184
INV-2026-2635,Pinnacle Telecom,1643.51,2026-03-28,2026-04-27,overdue,PO-6082
INV-2026-2249,Quartz Design Studio,2024.12,2026-02-28,2026-04-29,paid,PO-6004
INV-2026-2007,Fleetline Maintenance,1446.2,2026-04-17,2026-05-02,overdue,PO-6284
INV-2026-2971,Northwind Security,55.05,2026-04-06,2026-05-06,pending,PO-6580
INV-2026-4347,Baystate Facilities,667.3,2026-05-19,2026-06-03,overdue,PO-6511
INV-2026-3179,Baystate Facilities,187.21,2026-03-18,2026-04-17,pending,PO-6215
INV-2026-5020,Wellspring Analytics,3034.26,2026-05-03,2026-05-18,paid,PO-6985
INV-2026-3147,Wellspring Analytics,228.61,2026-01-04,2026-01-19,overdue,PO-6039
INV-2026-3771,Northwind Security,2484.53,2026-01-12,2026-02-11,overdue,PO-6928
INV-2026-5128,Quartz Design Studio,1004.86,2026-03-19,2026-05-03,overdue,PO-6176
INV-2026-4504,Trustpoint Insurance,547.85,2026-01-28,2026-03-14,paid,PO-6759
INV-2026-3333,Fleetline Maintenance,1542.05,2026-02-17,2026-03-04,pending,PO-6323
INV-2026-4710,Everline Distribution,,2026-06-25,2026-07-25,overdue,PO-6632
INV-2026-3426,Precision Print Shop,2677.79,2026-06-10,2026-08-09,pending,PO-6651
INV-2026-2558,Precision Print Shop,1109.3,2026-03-30,2026-05-29,pending,PO-6932
INV-2026-2054,Harborstone Consulting,151.43,2026-05-16,2026-05-31,overdue,PO-6279
INV-2026-2916,Harborstone Consulting,898.56,2026-06-08,2026-06-23,paid,PO-6526
INV-2026-4539,Baystate Facilities,56.31,2026-05-07,2026-07-06,paid,PO-6912
INV-2026-2595,Ridgeline HVAC,2509.56,2026-05-23,2026-06-07,paid,PO-6797
INV-2026-4725,Delta Freight Solutions LLC,13582.86,2026-04-03,2026-05-03,paid,PO-6280
INV-2026-5119,Meadowbrook Payroll,592.98,2026-03-18,2026-05-17,overdue,PO-6209
INV-2026-2565,Quartz Design Studio,40.46,2026-02-19,2026-03-06,paid,PO-6063
INV-2026-3495,Harborstone Consulting,1928.86,2026-02-09,2026-03-11,paid,PO-6167
INV-2026-5043,Quartz Design Studio,315.48,2026-06-26,2026-07-11,pending,PO-6128
INV-2026-3183,Everline Distribution,253.48,2026-01-04,2026-02-18,pending,PO-6120
INV-2026-5051,Zenith IT Consulting,5509.13,2026-03-12,2026-04-26,overdue,PO-6852
INV-2026-4899,Everline Distribution,457.95,2026-03-29,2026-05-28,paid,PO-6073
INV-2026-3671,Trustpoint Insurance,225.51,2026-06-12,2026-07-12,overdue,PO-6872
INV-2026-4295,Delta Freight Solutions LLC,115.34,2026-01-09,2026-02-23,overdue,PO-6234
INV-2026-4795,Harborstone Consulting Group,438.82,2026-02-17,2026-04-18,overdue,PO-6987
INV-2026-3442,Fleetline Maintenance,2376.3,2026-03-11,2026-04-10,paid,PO-6630
INV-2026-3383,Baystate Facilities,1337.21,2026-01-14,2026-02-28,overdue,PO-6151
INV-2026-4508,Ironclad Logistics,2603.1,2026-05-27,2026-06-26,overdue,PO-6961
INV-2026-3732,Harborstone Consulting,211.34,2026-03-14,2026-04-13,paid,PO-6922
INV-2026-3072,Everline Distribution,697.11,2026-06-07,2026-07-22,overdue,PO-6858
INV-2026-5244,Wellspring Analytics,1491.68,2026-06-17,2026-07-17,pending,PO-6491
INV-2026-3795,Quartz Design Studio,1356.08,2026-03-24,2026-04-23,pending,PO-6860
INV-2026-3890,Fleetline Maintenance,4424.41,2026-05-29,2026-06-13,pending,PO-6403
INV-2026-3213,Harborstone Consulting Group,920.2,2026-04-16,2026-05-31,pending,PO-6185
INV-2026-4257,Meadowbrook Payroll,455.95,2026-01-24,2026-02-23,paid,PO-6946
INV-2026-2723,SUMMIT OFFICE SUPPLIES,345.36,2026-04-29,2026-06-13,pending,PO-6229
INV-2026-2976,Delta Freight Solutions LLC,640.39,2026-06-15,2026-07-15,overdue,PO-6811
INV-2026-5216,Harborstone Consulting Group,1783.95,2026-01-28,2026-02-27,paid,PO-6180
INV-2026-3151,Northwind Security,84.06,2026-05-21,2026-07-05,overdue,PO-6024
INV-2026-2498,summit office supplies,1043.36,2026-06-08,2026-07-08,overdue,PO-6509
INV-2026-3149,Meadowbrook Payroll,1288.52,2026-05-29,2026-07-13,paid,PO-6775
INV-2026-3819,Wellspring Analytics,1508.25,2026-03-10,2026-03-25,paid,PO-6362
INV-2026-2722,Golden Valley Catering,730.62,2026-06-18,2026-08-17,paid,PO-6608
INV-2026-4492,Fleetline Maintenance,2271.89,2026-04-22,2026-05-22,paid,PO-6547
INV-2026-2372,Fleetline Maintenance,10367.72,2026-04-27,2026-05-27,pending,PO-6385
INV-2026-2653,Riverside Cleaning Co,781.97,2026-06-25,2026-07-10,paid,PO-6436
INV-2026-4535,Bluepeak Marketing,832.33,2026-06-16,2026-07-16,pending,PO-6350
INV-2026-4243,Harborstone Consulting,102.76,2026-04-24,2026-05-09,overdue,PO-6349
INV-2026-4346,Fleetline Maintenance,409.54,2026-02-16,2026-04-17,overdue,PO-6025
INV-2026-4844,Everline Distribution,970.0,2026-01-22,2026-02-21,pending,PO-6555
INV-2026-3794,Ridgeline HVAC,5381.34,2026-03-25,2026-05-09,overdue,PO-6327
INV-2026-4718,Delta Freight Solutions,3166.58,2026-03-26,2026-05-10,overdue,PO-6604
INV-2026-5070,Riverside Cleaning Co,765.94,2026-03-02,2026-04-01,overdue,PO-6189
INV-2026-2567,Fleetline Maintenance,556.48,2026-03-13,2026-03-28,paid,PO-6993
INV-2026-4668,Northwind Security,12237.13,2026-02-28,2026-03-30,pending,PO-6754
INV-2026-2525,Baystate Facilities,4373.74,2026-02-12,2026-02-27,overdue,PO-6426
INV-2026-5130,Golden Valley Catering,4567.76,2026-01-28,2026-02-12,pending,PO-6078
INV-2026-3518,Ridgeline HVAC,197.87,2026-04-14,2026-05-14,overdue,PO-6161
INV-2026-4608,IRONCLAD LOGISTICS,642.74,2026-06-03,2026-07-18,pending,PO-6147
INV-2026-2619,Northwind Security,539.11,2026-04-29,2026-05-29,pending,PO-6487
INV-2026-2006,Trustpoint Insurance,216.9,2026-01-12,2026-02-11,paid,PO-6246
INV-2026-5151,Riverside Cleaning Co,2700.29,2026-01-02,2026-03-03,paid,PO-6704
INV-2026-2450,Wellspring Analytics,237.36,2026-02-06,2026-03-23,pending,PO-6254
INV-2026-3497,summit office supplies,1068.62,2026-04-23,2026-05-08,paid,PO-6637
INV-2026-4700,Delta Freight Solutions LLC,9565.66,2026-01-12,2026-01-27,paid,PO-6842
INV-2026-3533,Pinnacle Telecom,1065.7,2026-05-10,2026-06-24,overdue,PO-6190
INV-2026-2378,Zenith IT Consulting,74.82,2026-01-30,2026-03-01,pending,PO-6895
INV-2026-2373,Fleetline Maintenance,3476.79,2026-02-03,2026-02-18,pending,PO-6870
INV-2026-4464,Baystate Facilities,,2026-05-30,2026-06-29,paid,PO-6165
INV-2026-3229,BluePeak Marketing,954.11,2026-03-06,2026-03-21,pending,PO-6674
INV-2026-3700,Trustpoint Insurance,7288.21,2026-05-13,2026-06-12,paid,PO-6571
INV-2026-2527,Baystate Facilities,478.46,2026-02-16,2026-03-18,pending,PO-6883
INV-2026-3723,Baystate Facilities,5123.38,2026-02-27,2026-03-29,pending,PO-6771
INV-2026-2977,summit office supplies,2885.05,2026-05-08,2026-05-23,overdue,PO-6773
INV-2026-5090,Everline Distribution,507.93,2026-03-24,2026-04-23,overdue,PO-6831
INV-2026-4400,Meadowbrook Payroll,885.59,2026-05-18,2026-06-02,overdue,PO-6922
INV-2026-3374,Harborstone Consulting Group,2972.21,2026-05-17,2026-07-01,pending,PO-6898
INV-2026-2893,Riverside Cleaning Co,5985.7,2026-05-08,2026-06-07,paid,PO-6152
INV-2026-4399,Wellspring Analytics,817.23,2026-01-27,2026-03-28,paid,PO-6017
INV-2026-3086,IRONCLAD LOGISTICS,166.63,2026-03-28,2026-05-27,paid,PO-6271
INV-2026-3387,Precision Print Shop,2284.83,2026-01-03,2026-02-02,paid,PO-6183
INV-2026-2504,Riverside Cleaning Co,239.32,2026-06-26,2026-07-11,overdue,PO-6008
INV-2026-2132,Golden Valley Catering,473.36,2026-03-23,2026-04-22,paid,PO-6764
INV-2026-4543,Baystate Facilities,38.4,2026-05-04,2026-06-03,overdue,PO-6774
INV-2026-3319,Quartz Design Studio,198.43,2026-04-15,2026-05-30,overdue,PO-6903
INV-2026-4074,Trustpoint Insurance,6119.78,2026-05-22,2026-06-06,pending,PO-6914
INV-2026-2216,Wellspring Analytics,7459.26,2026-05-08,2026-06-07,paid,PO-6084
INV-2026-4563,Delta Freight Solutions,189.84,2026-04-14,2026-05-14,paid,PO-6239
INV-2026-4939,Civic Square Legal,306.45,2026-05-26,2026-06-25,overdue,PO-6393
INV-2026-4729,BluePeak Marketing,841.57,2026-06-02,2026-06-17,paid,PO-6428
INV-2026-4983,Delta Freight Solutions,218.62,2026-05-08,2026-05-23,overdue,PO-6699
INV-2026-2092,Northwind Security,339.34,2026-02-24,2026-03-26,paid,PO-6940
INV-2026-3585,Harborstone Consulting Group,1698.83,2026-01-30,2026-02-14,pending,PO-6341
INV-2026-3696,Golden Valley Catering,433.42,2026-01-21,2026-03-22,paid,PO-6056
INV-2026-5102,Riverside Cleaning Co,1153.52,2026-06-02,2026-07-02,paid,PO-6838
INV-2026-2200,Harborstone Consulting,3394.91,2026-05-27,2026-06-26,overdue,PO-6870
INV-2026-3635,Riverside Cleaning Co,649.44,2026-02-02,2026-03-04,pending,PO-6183
INV-2026-5066,Fleetline Maintenance,1265.91,2026-06-22,2026-07-07,paid,PO-6508
INV-2026-4391,Summit Office Supplies,316.09,2026-06-20,2026-07-20,pending,PO-6029
INV-2026-2924,Delta Freight Solutions,4068.2,2026-05-26,2026-07-25,paid,PO-6681
INV-2026-5195,Fleetline Maintenance,1447.8,2026-03-31,2026-04-15,paid,PO-6422
INV-2026-2167,Precision Print Shop,,2026-06-04,2026-07-19,paid,PO-6280
INV-2026-3680,IRONCLAD LOGISTICS,394.69,2026-02-17,2026-04-03,paid,PO-6532
INV-2026-5021,Pinnacle Telecom,150.47,2026-05-23,2026-06-07,paid,PO-6434
INV-2026-3360,IRONCLAD LOGISTICS,6182.32,2026-03-27,2026-04-26,overdue,PO-6891
INV-2026-3634,Civic Square Legal,70849.0,2026-05-01,2026-05-31,overdue,PO-6228
INV-2026-4953,Meadowbrook Payroll,63.48,2026-02-19,2026-04-05,pending,PO-6813
INV-2026-3738,Meadowbrook Payroll,3893.6,2026-04-14,2026-06-13,overdue,PO-6308
INV-2026-2221,Northwind Security,570.0,2026-04-24,2026-05-24,paid,PO-6454
INV-2026-2478,Harborstone Consulting,932.66,2026-03-27,2026-04-26,paid,PO-6826
INV-2026-5023,Pinnacle Telecom,7542.48,2026-02-07,2026-03-09,overdue,PO-6125
INV-2026-3261,Meadowbrook Payroll,741.21,2026-03-02,2026-03-17,paid,PO-6222
INV-2026-3502,Zenith IT Consulting,895.86,2026-05-27,2026-07-26,paid,PO-6203
INV-2026-5061,Ridgeline HVAC,204.4,2026-03-15,2026-04-14,pending,PO-6439
INV-2026-3014,Pinnacle Telecom,818.94,2026-05-10,2026-06-09,pending,PO-6021
INV-2026-4997,Meadowbrook Payroll,2201.52,2026-03-19,2026-04-18,pending,PO-6751
INV-2026-3711,Civic Square Legal,305.19,2026-05-20,2026-06-04,pending,PO-6465
INV-2026-2453,Northwind Security,515.03,2026-05-31,2026-07-15,pending,PO-6387
INV-2026-3785,Everline Distribution,840.95,2026-03-19,2026-05-18,pending,PO-6693
INV-2026-2929,Wellspring Analytics,115.85,2026-02-17,2026-04-03,paid,PO-6448
INV-2026-3255,Everline Distribution,1791.37,2026-05-18,2026-06-02,pending,PO-6576
INV-2026-3967,Trustpoint Insurance,421.78,2026-02-26,2026-03-28,pending,PO-6498
INV-2026-4982,Ironclad Logistics,1103.13,2026-06-12,2026-06-27,pending,PO-6016
INV-2026-4465,Civic Square Legal,3959.97,2026-02-28,2026-03-30,overdue,PO-6538
INV-2026-2105,Wellspring Analytics,887.1,2026-05-11,2026-05-26,overdue,PO-6465
INV-2026-2913,summit office supplies,794.19,2026-06-13,2026-07-13,overdue,PO-6412
INV-2026-3843,Baystate Facilities,1945.98,2026-03-18,2026-04-17,overdue,PO-6918
INV-2026-4413,Trustpoint Insurance,377.62,2026-05-06,2026-06-05,pending,PO-6278
INV-2026-2803,SUMMIT OFFICE SUPPLIES,835.89,2026-05-14,2026-06-13,paid,PO-6776
INV-2026-3135,Zenith IT Consulting,893.25,2026-04-14,2026-05-29,pending,PO-6061
INV-2026-3294,SUMMIT OFFICE SUPPLIES,2096.64,2026-02-08,2026-04-09,paid,PO-6215
INV-2026-3745,Precision Print Shop,,2026-05-02,2026-06-01,pending,PO-6037
INV-2026-3874,Pinnacle Telecom,4972.47,2026-02-08,2026-03-25,pending,PO-6013
INV-2026-3085,Northwind Security,2799.79,2026-01-27,2026-03-13,paid,PO-6892
INV-2026-3665,Baystate Facilities,624.16,2026-05-05,2026-05-20,overdue,PO-6750
INV-2026-4158,Civic Square Legal,829.21,2026-01-04,2026-02-18,pending,PO-6001
INV-2026-2555,Civic Square Legal,370.64,2026-05-18,2026-07-02,overdue,PO-6176
INV-2026-4222,Quartz Design Studio,1493.35,2026-01-01,2026-03-02,pending,PO-6894
INV-2026-3488,Baystate Facilities,522.08,2026-03-28,2026-05-12,pending,PO-6684
INV-2026-4766,Bluepeak Marketing,3191.34,2026-02-01,2026-04-02,overdue,PO-6570
INV-2026-3930,Pinnacle Telecom,4449.39,2026-06-13,2026-06-28,overdue,PO-6815
INV-2026-3622,Ridgeline HVAC,1215.68,2026-01-05,2026-03-06,pending,PO-6847
INV-2026-5064,Baystate Facilities,282.56,2026-02-19,2026-04-20,pending,PO-6926
INV-2026-3420,Zenith IT Consulting,955.74,2026-02-08,2026-04-09,pending,PO-6043
INV-2026-2637,Civic Square Legal,707.3,2026-05-29,2026-06-28,overdue,PO-6172
INV-2026-4990,Trustpoint Insurance,352.85,2026-04-13,2026-04-28,paid,PO-6306
INV-2026-2562,Golden Valley Catering,683.79,2026-03-09,2026-05-08,pending,PO-6748
INV-2026-3375,Meadowbrook Payroll,435.21,2026-01-31,2026-03-17,overdue,PO-6597
INV-2026-5094,IRONCLAD LOGISTICS,1815.58,2026-06-08,2026-08-07,pending,PO-6318
INV-2026-4467,Quartz Design Studio,5256.79,2026-05-12,2026-06-11,pending,PO-6469
INV-2026-4256,Pinnacle Telecom,939.25,2026-03-16,2026-03-31,pending,PO-6962
INV-2026-4905,Golden Valley Catering,1300.8,2026-02-02,2026-03-04,paid,PO-6099
INV-2026-4172,Fleetline Maintenance,943.4,2026-01-18,2026-02-17,pending,PO-6007
INV-2026-3272,Delta Freight Solutions,189.87,2026-03-19,2026-04-18,overdue,PO-6811
INV-2026-4267,Pinnacle Telecom,2298.79,2026-02-12,2026-03-29,pending,PO-6180
INV-2026-4970,Baystate Facilities,2076.55,2026-03-28,2026-04-12,pending,PO-6661
INV-2026-2421,Ironclad Logistics,1913.35,2026-02-04,2026-03-06,paid,PO-6197
INV-2026-4167,IRONCLAD LOGISTICS,541.55,2026-01-29,2026-03-30,pending,PO-6381
INV-2026-2699,Meadowbrook Payroll,1773.95,2026-02-28,2026-03-30,paid,PO-6669
INV-2026-3276,Civic Square Legal,560.13,2026-05-22,2026-07-21,overdue,PO-6668
INV-2026-4576,BluePeak Marketing,206.44,2026-02-25,2026-03-27,paid,PO-6756
INV-2026-4707,Northwind Security,138.7,2026-03-03,2026-03-18,paid,PO-6932
INV-2026-5149,Riverside Cleaning Co,187.01,2026-03-19,2026-04-03,overdue,PO-6079
INV-2026-4788,Pinnacle Telecom,333.86,2026-04-29,2026-05-29,pending,PO-6598
INV-2026-2227,Pinnacle Telecom,,2026-02-18,2026-04-04,paid,PO-6047
INV-2026-5031,SUMMIT OFFICE SUPPLIES,372.69,2026-06-14,2026-07-14,paid,PO-6528
INV-2026-2921,Riverside Cleaning Co,692.47,2026-03-25,2026-04-24,paid,PO-6285
INV-2026-3659,Summit Office Supplies,1587.97,2026-05-20,2026-06-04,overdue,PO-6197
INV-2026-4285,SUMMIT OFFICE SUPPLIES,1504.95,2026-05-12,2026-06-11,pending,PO-6002
INV-2026-5160,Meadowbrook Payroll,843.49,2026-04-08,2026-05-08,paid,PO-6775
INV-2026-5214,summit office supplies,427.1,2026-01-25,2026-02-24,paid,PO-6047
INV-2026-2361,Fleetline Maintenance,3090.25,2026-01-30,2026-03-01,pending,PO-6848
INV-2026-5198,summit office supplies,2256.23,2026-01-10,2026-01-25,paid,PO-6235
INV-2026-3555,Zenith IT Consulting,421.14,2026-02-25,2026-03-27,pending,PO-6777
INV-2026-3101,BluePeak Marketing,3090.74,2026-01-13,2026-02-12,overdue,PO-6951
INV-2026-4166,Delta Freight Solutions,374.36,2026-06-05,2026-07-05,overdue,PO-6095
INV-2026-4095,Wellspring Analytics,103.08,2026-01-22,2026-02-21,pending,PO-6344
INV-2026-4411,Pinnacle Telecom,96.74,2026-03-30,2026-05-29,overdue,PO-6382
INV-2026-4695,Quartz Design Studio,513.91,2026-04-26,2026-05-11,pending,PO-6507
INV-2026-3351,Zenith IT Consulting,502.59,2026-02-15,2026-03-17,paid,PO-6212
INV-2026-3077,Pinnacle Telecom,1893.83,2026-02-28,2026-04-29,paid,PO-6509
INV-2026-3164,Riverside Cleaning Co,44.13,2026-03-22,2026-05-21,pending,PO-6809
INV-2026-5269,Fleetline Maintenance,3090.25,2026-02-04,2026-03-06,pending,PO-6230
INV-2026-3674,Everline Distribution,2340.59,2026-01-03,2026-02-17,paid,PO-6842
INV-2026-3752,Civic Square Legal,2411.08,2026-02-26,2026-03-13,paid,PO-6357
INV-2026-4023,Zenith IT Consulting,453.8,2026-05-03,2026-06-17,paid,PO-6332
INV-2026-2363,Bluepeak Marketing,3240.03,2026-01-04,2026-01-19,overdue,PO-6150
INV-2026-5125,Ridgeline HVAC,8191.03,2026-02-04,2026-02-19,paid,PO-6682
INV-2026-2336,Civic Square Legal,528.66,2026-06-14,2026-07-29,overdue,PO-6797
INV-2026-2986,Civic Square Legal,5609.03,2026-06-23,2026-07-23,paid,PO-6055
INV-2026-2883,Meadowbrook Payroll,250.32,2026-05-12,2026-06-11,pending,PO-6257
INV-2026-4444,Golden Valley Catering,141.46,2026-05-11,2026-06-10,pending,PO-6860
INV-2026-2618,Harborstone Consulting Group,2440.13,2026-03-13,2026-04-27,pending,PO-6771
INV-2026-3979,Fleetline Maintenance,271.09,2026-03-20,2026-04-04,pending,PO-6626
INV-2026-3506,IRONCLAD LOGISTICS,481.78,2026-06-21,2026-07-21,overdue,PO-6185
INV-2026-3947,Delta Freight Solutions,1490.25,2026-01-09,2026-02-08,paid,PO-6471
INV-2026-5097,Delta Freight Solutions,336.15,2026-06-14,2026-07-14,paid,PO-6969
INV-2026-5052,Golden Valley Catering,627.01,2026-02-03,2026-03-20,paid,PO-6982
INV-2026-4848,Pinnacle Telecom,8293.01,2026-01-18,2026-02-02,paid,PO-6240
INV-2026-5221,Riverside Cleaning Co,910.07,2026-02-04,2026-03-21,overdue,PO-6723
INV-2026-2711,IRONCLAD LOGISTICS,1511.61,2026-05-26,2026-06-25,overdue,PO-6384
INV-2026-4507,BluePeak Marketing,212.96,2026-05-30,2026-06-14,overdue,PO-6834
INV-2026-2826,Harborstone Consulting,479.39,2026-01-08,2026-02-07,pending,PO-6882
INV-2026-3976,Harborstone Consulting Group,,2026-06-25,2026-07-25,paid,PO-6387
INV-2026-4728,Zenith IT Consulting,194.79,2026-06-07,2026-07-07,pending,PO-6789
INV-2026-3364,Ridgeline HVAC,,2026-02-07,2026-03-24,paid,PO-6770
INV-2026-2206,Ridgeline HVAC,313.29,2026-04-27,2026-06-11,overdue,PO-6901
INV-2026-5254,Everline Distribution,2294.63,2026-06-10,2026-07-10,paid,PO-6589
INV-2026-3814,Quartz Design Studio,,2026-04-17,2026-05-17,pending,PO-6770
INV-2026-3104,Civic Square Legal,642.3,2026-03-06,2026-03-21,pending,PO-6805
INV-2026-5260,Golden Valley Catering,460.31,2026-03-20,2026-04-19,overdue,PO-6036
INV-2026-4091,Trustpoint Insurance,,2026-06-22,2026-08-21,pending,PO-6562
INV-2026-4325,Meadowbrook Payroll,1042.97,2026-04-15,2026-05-15,pending,PO-6285
INV-2026-3400,Zenith IT Consulting,180.0,2026-03-01,2026-03-31,overdue,PO-6900
INV-2026-4190,Trustpoint Insurance,1197.5,2026-02-09,2026-03-26,paid,PO-6385
INV-2026-2797,Harborstone Consulting,650.26,2026-06-17,2026-08-01,overdue,PO-6593
INV-2026-4135,Harborstone Consulting Group,781.2,2026-03-23,2026-04-07,overdue,PO-6374
INV-2026-2764,Meadowbrook Payroll,448.5,2026-06-05,2026-07-05,paid,PO-6994
INV-2026-3019,BluePeak Marketing,677.62,2026-01-07,2026-02-06,overdue,PO-6661
INV-2026-2062,Fleetline Maintenance,3687.69,2026-03-27,2026-04-26,paid,PO-6310
INV-2026-4218,Baystate Facilities,185.85,2026-04-10,2026-05-10,paid,PO-6449
INV-2026-2107,Meadowbrook Payroll,4654.34,2026-03-04,2026-03-19,pending,PO-6307
INV-2026-2256,Precision Print Shop,1402.98,2026-01-07,2026-02-06,pending,PO-6844
INV-2026-3211,Delta Freight Solutions,7827.49,2026-04-16,2026-06-15,paid,PO-6460
INV-2026-4211,Riverside Cleaning Co,207.83,2026-03-01,2026-04-15,pending,PO-6101
INV-2026-2358,Northwind Security,1087.49,2026-02-02,2026-04-03,paid,PO-6543
INV-2026-3938,IRONCLAD LOGISTICS,382.33,2026-05-18,2026-07-17,pending,PO-6203
INV-2026-3037,Pinnacle Telecom,381.97,2026-06-29,2026-07-29,overdue,PO-6458
INV-2026-2329,Delta Freight Solutions LLC,269.53,2026-06-03,2026-08-02,paid,PO-6262
INV-2026-4438,Civic Square Legal,1829.84,2026-05-19,2026-06-18,paid,PO-6822
INV-2026-5046,Golden Valley Catering,600.85,2026-05-27,2026-07-26,overdue,PO-6477
INV-2026-4632,Wellspring Analytics,687.64,2026-05-11,2026-06-10,overdue,PO-6212
INV-2026-4406,Fleetline Maintenance,416.5,2026-02-22,2026-04-08,overdue,PO-6722
INV-2026-4084,Fleetline Maintenance,1967.18,2026-06-28,2026-07-13,pending,PO-6278
INV-2026-3182,Fleetline Maintenance,1479.69,2026-03-06,2026-05-05,paid,PO-6911
INV-2026-3780,Harborstone Consulting,422.08,2026-05-27,2026-07-26,paid,PO-6938
INV-2026-2949,Ironclad Logistics,1324.59,2026-06-15,2026-07-15,pending,PO-6189
INV-2026-3057,summit office supplies,337.48,2026-01-06,2026-02-05,paid,PO-6357
INV-2026-2954,Civic Square Legal,1754.62,2026-02-10,2026-02-25,overdue,PO-6406
INV-2026-2456,Precision Print Shop,2039.24,2026-06-20,2026-07-05,overdue,PO-6614
INV-2026-4922,Baystate Facilities,566.27,2026-05-12,2026-07-11,overdue,PO-6054
INV-2026-4930,Golden Valley Catering,1419.94,2026-02-03,2026-03-05,paid,PO-6623
INV-2026-2323,Civic Square Legal,,2026-02-08,2026-04-09,overdue,PO-6889
INV-2026-4131,Golden Valley Catering,797.23,2026-01-25,2026-02-24,overdue,PO-6716
INV-2026-3852,Ironclad Logistics,568.63,2026-02-27,2026-03-29,paid,PO-6912
INV-2026-4162,Northwind Security,1355.65,2026-01-22,2026-02-21,overdue,PO-6123
INV-2026-2683,Zenith IT Consulting,2678.74,2026-02-07,2026-03-09,paid,PO-6314
INV-2026-3195,Precision Print Shop,751.72,2026-06-29,2026-08-13,overdue,PO-6108
INV-2026-4051,Everline Distribution,3987.32,2026-03-15,2026-04-29,paid,PO-6548
INV-2026-3137,Northwind Security,948.56,2026-03-22,2026-04-06,pending,PO-6999
INV-2026-2391,Fleetline Maintenance,616.41,2026-02-10,2026-03-12,paid,PO-6786
INV-2026-3448,Summit Office Supplies,350.65,2026-04-10,2026-05-10,paid,PO-6759
INV-2026-3792,Quartz Design Studio,692.56,2026-02-10,2026-02-25,overdue,PO-6498
INV-2026-3984,Quartz Design Studio,8477.4,2026-04-11,2026-05-26,overdue,PO-6123
INV-2026-2103,Trustpoint Insurance,539.32,2026-06-09,2026-07-09,pending,PO-6631
INV-2026-3872,Zenith IT Consulting,718.76,2026-01-23,2026-03-24,pending,PO-6903
INV-2026-3827,Everline Distribution,156.46,,2026-07-23,overdue,PO-6037
INV-2026-4716,Civic Square Legal,1903.17,2026-03-28,2026-04-12,pending,PO-6190
INV-2026-2833,Golden Valley Catering,148.0,2026-06-06,2026-07-06,pending,PO-6601
INV-2026-3430,Everline Distribution,1810.64,2026-03-08,2026-04-07,overdue,PO-6097
INV-2026-4363,Trustpoint Insurance,10128.38,2026-02-20,2026-03-22,pending,PO-6721
INV-2026-4181,Meadowbrook Payroll,314.41,2026-06-27,2026-08-26,paid,PO-6265
INV-2026-4081,Delta Freight Solutions LLC,559.57,2026-04-17,2026-06-16,paid,PO-6280
INV-2026-4101,Ironclad Logistics,346.32,2026-04-02,2026-04-17,paid,PO-6401
INV-2026-3204,IRONCLAD LOGISTICS,724.23,2026-03-18,2026-04-17,pending,PO-6895
INV-2026-2606,Pinnacle Telecom,588.07,2026-04-10,2026-05-10,overdue,PO-6961
INV-2026-2418,Ridgeline HVAC,1801.38,2026-03-28,2026-05-12,paid,PO-6397
INV-2026-2228,Zenith IT Consulting,699.83,2026-03-05,2026-04-04,pending,PO-6133
INV-2026-4128,Wellspring Analytics,7154.91,2026-04-04,2026-05-04,pending,PO-6392
INV-2026-3320,Trustpoint Insurance,199.98,2026-02-02,2026-03-04,paid,PO-6140
INV-2026-4975,Civic Square Legal,774.01,2026-06-01,2026-07-01,paid,PO-6181
INV-2026-3840,Precision Print Shop,2081.2,2026-03-10,2026-03-25,overdue,PO-6978
INV-2026-4933,Trustpoint Insurance,285.25,2026-04-11,2026-04-26,paid,PO-6668
INV-2026-2212,Fleetline Maintenance,145.52,2026-03-26,2026-04-25,paid,PO-6453
INV-2026-3532,Harborstone Consulting Group,189.67,2026-02-27,2026-03-29,overdue,PO-6315
INV-2026-4149,Bluepeak Marketing,1372.53,2026-06-08,2026-08-07,paid,PO-6250
INV-2026-3727,Zenith IT Consulting,1445.16,2026-05-13,2026-06-12,overdue,PO-6395
INV-2026-2874,Delta Freight Solutions LLC,128.08,2026-02-08,2026-02-23,overdue,PO-6370
INV-2026-4623,Fleetline Maintenance,171.43,2026-05-19,2026-06-18,overdue,PO-6920
INV-2026-4765,Wellspring Analytics,801.26,2026-06-02,2026-07-02,overdue,PO-6376
INV-2026-4619,Quartz Design Studio,691.65,2026-06-06,2026-07-06,overdue,PO-6556
INV-2026-3955,summit office supplies,399.3,2026-02-27,2026-03-29,paid,PO-6764
INV-2026-3861,Northwind Security,653.21,2026-01-02,2026-02-01,overdue,PO-6174
INV-2026-3987,Fleetline Maintenance,394.48,2026-01-27,2026-02-26,overdue,PO-6380
INV-2026-4786,Ridgeline HVAC,344.75,2026-04-27,2026-06-11,overdue,PO-6107
INV-2026-4215,Precision Print Shop,748.12,2026-01-22,2026-02-06,overdue,PO-6975
INV-2026-5203,Pinnacle Telecom,526.17,2026-01-15,2026-01-30,paid,PO-6559
INV-2026-3438,Ridgeline HVAC,416.18,2026-03-25,2026-05-24,pending,PO-6309
INV-2026-2547,summit office supplies,389.61,2026-03-19,2026-04-18,overdue,PO-6237
INV-2026-2349,Harborstone Consulting Group,284.47,2026-02-25,2026-04-26,overdue,PO-6009
INV-2026-4821,Golden Valley Catering,298.41,2026-05-14,2026-06-13,pending,PO-6820
INV-2026-4451,Pinnacle Telecom,2726.63,2026-02-07,2026-02-22,overdue,PO-6018
INV-2026-2706,Pinnacle Telecom,1049.91,2026-01-01,2026-01-31,overdue,PO-6325
INV-2026-3443,SUMMIT OFFICE SUPPLIES,486.2,2026-01-03,2026-03-04,overdue,PO-6434
INV-2026-5122,Baystate Facilities,87.37,2026-05-06,2026-06-05,paid,PO-6325
INV-2026-5027,Harborstone Consulting Group,466.5,2026-04-14,2026-05-14,pending,PO-6915
INV-2026-3687,Delta Freight Solutions LLC,666.28,2026-05-05,2026-06-04,paid,PO-6478
INV-2026-2509,Golden Valley Catering,5726.26,2026-06-23,2026-07-23,paid,PO-6076
INV-2026-3079,Ridgeline HVAC,2832.0,2026-03-23,2026-05-22,overdue,PO-6171
INV-2026-4643,Precision Print Shop,172.93,2026-02-11,2026-03-13,pending,PO-6515
INV-2026-3917,Delta Freight Solutions LLC,296.09,2026-04-29,2026-05-29,pending,PO-6979
INV-2026-4189,Civic Square Legal,747.12,2026-02-12,2026-03-14,paid,PO-6197
INV-2026-4174,Ironclad Logistics,1522.83,2026-02-03,2026-02-18,pending,PO-6602
INV-2026-3359,Trustpoint Insurance,430.36,2026-05-07,2026-06-06,paid,PO-6793
INV-2026-4520,Ridgeline HVAC,2467.31,2026-01-28,2026-02-27,pending,PO-6137
INV-2026-3282,Ridgeline HVAC,19247.96,2026-04-22,2026-05-07,pending,PO-6847
INV-2026-4663,Golden Valley Catering,1123.65,2026-02-12,2026-03-29,paid,PO-6666
INV-2026-4945,Meadowbrook Payroll,579.72,2026-06-07,2026-07-07,paid,PO-6944
INV-2026-4917,Golden Valley Catering,390.28,2026-03-10,2026-04-09,pending,PO-6439
INV-2026-4064,summit office supplies,1280.75,2026-05-14,2026-05-29,pending,PO-6738
INV-2026-2275,Meadowbrook Payroll,2089.34,2026-01-22,2026-03-08,pending,PO-6366
INV-2026-4531,BluePeak Marketing,141.2,2026-02-02,2026-03-19,pending,PO-6495
INV-2026-2371,Wellspring Analytics,1595.79,2026-06-28,2026-07-28,pending,PO-6685
INV-2026-3134,Everline Distribution,512.37,2026-01-22,2026-03-23,pending,PO-6864
INV-2026-2158,Precision Print Shop,466.09,2026-03-27,2026-04-26,pending,PO-6040
INV-2026-2283,Riverside Cleaning Co,26.38,2026-02-19,2026-03-06,pending,PO-6221
INV-2026-2144,Quartz Design Studio,1281.36,2026-04-14,2026-05-14,overdue,PO-6113
INV-2026-3670,Riverside Cleaning Co,631.62,2026-06-23,2026-07-08,paid,PO-6824
INV-2026-3071,Zenith IT Consulting,1036.36,2026-01-03,2026-02-17,pending,PO-6752
INV-2026-3614,Wellspring Analytics,485.43,2026-05-17,2026-06-16,paid,PO-6045
INV-2026-2050,Everline Distribution,393.65,2026-04-07,2026-05-22,pending,PO-6337
INV-2026-4949,Northwind Security,628.92,2026-06-10,2026-07-25,overdue,PO-6810
INV-2026-2802,Pinnacle Telecom,303.67,2026-04-29,2026-06-28,paid,PO-6296
INV-2026-4717,Harborstone Consulting,396.5,2026-04-01,2026-04-16,pending,PO-6090
INV-2026-4892,Zenith IT Consulting,788.3,2026-03-08,2026-04-07,overdue,PO-6998
INV-2026-2128,Meadowbrook Payroll,163.91,2026-04-29,2026-05-29,overdue,PO-6924
INV-2026-4086,Meadowbrook Payroll,810.97,2026-04-26,2026-05-26,overdue,PO-6364
INV-2026-4229,Riverside Cleaning Co,257.42,2026-03-16,2026-04-15,pending,PO-6141
INV-2026-4782,Civic Square Legal,1704.18,2026-04-16,2026-05-31,overdue,PO-6886
INV-2026-4040,Ridgeline HVAC,838.48,2026-06-29,2026-08-28,overdue,PO-6491
INV-2026-3403,Northwind Security,1549.43,2026-05-31,2026-07-15,paid,PO-6298
INV-2026-3858,Northwind Security,2026.74,2026-02-11,2026-02-26,pending,PO-6619
INV-2026-4372,Delta Freight Solutions,1622.63,2026-02-06,2026-03-23,pending,PO-6905
INV-2026-2524,Pinnacle Telecom,62.97,2026-02-26,2026-03-28,overdue,PO-6439
INV-2026-3643,Pinnacle Telecom,2406.18,2026-02-03,2026-03-05,overdue,PO-6071
INV-2026-5096,Delta Freight Solutions,5927.66,2026-05-09,2026-06-23,pending,PO-6129
INV-2026-2337,Civic Square Legal,525.19,2026-06-15,2026-06-30,paid,PO-6796
INV-2026-2841,Baystate Facilities,1872.63,2026-06-24,2026-08-08,paid,PO-6262
INV-2026-3562,Ridgeline HVAC,1619.33,2026-03-18,2026-04-17,paid,PO-6542
INV-2026-3388,Precision Print Shop,213.98,2026-03-11,2026-04-25,overdue,PO-6661
INV-2026-5217,Quartz Design Studio,827.36,2026-04-30,2026-05-30,paid,PO-6985
INV-2026-2553,Civic Square Legal,742.85,2026-04-09,2026-05-24,paid,PO-6096
INV-2026-3673,Pinnacle Telecom,486.62,2026-06-05,2026-07-05,paid,PO-6979
INV-2026-2360,Meadowbrook Payroll,445.84,2026-05-03,2026-06-02,overdue,PO-6722
INV-2026-4940,Zenith IT Consulting,2346.78,2026-03-21,2026-05-05,paid,PO-6515
INV-2026-3571,Meadowbrook Payroll,444.68,2026-05-15,2026-06-14,paid,PO-6313
INV-2026-4517,Wellspring Analytics,504.66,2026-03-29,2026-04-28,overdue,PO-6409
INV-2026-2179,Zenith IT Consulting,4876.99,2026-06-03,2026-08-02,pending,PO-6303
INV-2026-4327,Zenith IT Consulting,402.18,2026-05-05,2026-07-04,pending,PO-6824
INV-2026-4455,Northwind Security,594.9,2026-05-05,2026-06-04,overdue,PO-6326
INV-2026-4191,Ridgeline HVAC,184.18,2026-01-10,2026-02-09,overdue,PO-6821
INV-2026-3928,Meadowbrook Payroll,6184.52,2026-05-13,2026-06-12,overdue,PO-6163
INV-2026-4000,Everline Distribution,160.43,2026-05-23,2026-07-22,overdue,PO-6075
INV-2026-3669,Baystate Facilities,686.05,2026-03-10,2026-03-25,overdue,PO-6078
INV-2026-3452,BluePeak Marketing,184.25,2026-03-20,2026-05-19,overdue,PO-6901
INV-2026-4014,Zenith IT Consulting,244.38,2026-01-16,2026-03-17,paid,PO-6347
INV-2026-4495,Fleetline Maintenance,7810.61,2026-04-05,2026-05-20,pending,PO-6606
INV-2026-3413,Wellspring Analytics,649.64,2026-04-21,2026-06-05,pending,PO-6048
INV-2026-3102,Delta Freight Solutions,1720.5,2026-01-21,2026-02-20,overdue,PO-6574
INV-2026-4967,Trustpoint Insurance,2979.87,2026-03-18,2026-04-02,overdue,PO-6262
INV-2026-3039,Riverside Cleaning Co,3522.22,,2026-01-29,pending,PO-6438
INV-2026-2538,Civic Square Legal,244.87,2026-02-03,2026-03-20,pending,PO-6408
INV-2026-2262,Delta Freight Solutions LLC,931.82,2026-01-13,2026-02-27,paid,PO-6295
INV-2026-3278,Meadowbrook Payroll,4766.99,2026-02-27,2026-04-13,pending,PO-6643
INV-2026-4019,Baystate Facilities,1512.87,2026-03-12,2026-04-26,pending,PO-6069
INV-2026-3746,Baystate Facilities,1492.75,2026-03-29,2026-05-28,paid,PO-6095
INV-2026-4646,Meadowbrook Payroll,2361.28,2026-02-26,2026-04-12,pending,PO-6364
INV-2026-3433,Trustpoint Insurance,2275.61,2026-03-15,2026-05-14,pending,PO-6074
INV-2026-3570,Ironclad Logistics,1312.77,2026-01-19,2026-02-18,overdue,PO-6707
INV-2026-3478,Everline Distribution,5498.55,2026-04-21,2026-05-06,pending,PO-6285
INV-2026-2305,Precision Print Shop,4172.28,2026-01-04,2026-02-03,overdue,PO-6278
INV-2026-2095,Northwind Security,268.56,2026-03-14,2026-04-13,paid,PO-6738
INV-2026-4410,IRONCLAD LOGISTICS,1341.17,2026-06-28,2026-07-28,paid,PO-6911
INV-2026-3414,Baystate Facilities,215.98,,2026-02-19,paid,PO-6940
INV-2026-3227,Golden Valley Catering,860.54,2026-01-28,2026-03-14,paid,PO-6941
INV-2026-3450,Trustpoint Insurance,7267.15,2026-02-08,2026-03-10,paid,PO-6389
INV-2026-4712,Everline Distribution,1302.08,2026-02-05,2026-03-07,paid,PO-6043
INV-2026-2580,Baystate Facilities,564.44,2026-05-07,2026-06-06,overdue,PO-6136
INV-2026-5047,Baystate Facilities,216.4,2026-01-11,2026-03-12,pending,PO-6521
INV-2026-2919,Quartz Design Studio,628.07,2026-01-18,2026-02-17,pending,PO-6998
INV-2026-4591,Ironclad Logistics,152.64,2026-06-27,2026-07-12,overdue,PO-6003
INV-2026-4089,Wellspring Analytics,9130.1,2026-06-19,2026-08-18,paid,PO-6883
INV-2026-4910,Pinnacle Telecom,1710.16,2026-03-01,2026-04-15,paid,PO-6372
INV-2026-5039,Zenith IT Consulting,2137.74,2026-01-22,2026-02-21,pending,PO-6050
INV-2026-3668,Golden Valley Catering,508.0,2026-02-14,2026-04-15,paid,PO-6065
INV-2026-4357,Civic Square Legal,5136.41,2026-06-22,2026-07-07,overdue,PO-6086
INV-2026-4703,Civic Square Legal,856.71,2026-02-19,2026-04-20,pending,PO-6821
INV-2026-4521,Meadowbrook Payroll,25932.78,2026-04-02,2026-05-17,overdue,PO-6056
INV-2026-5033,Harborstone Consulting,3954.94,2026-01-16,2026-01-31,pending,PO-6366
INV-2026-4720,BluePeak Marketing,125.17,2026-01-11,2026-01-26,overdue,PO-6701
INV-2026-4845,IRONCLAD LOGISTICS,841.52,2026-03-01,2026-04-15,paid,PO-6517
INV-2026-2136,Meadowbrook Payroll,275.02,2026-03-26,2026-05-25,paid,PO-6285
INV-2026-2695,Northwind Security,188.17,2026-06-03,2026-07-18,overdue,PO-6683
INV-2026-2254,Harborstone Consulting,280.24,2026-01-28,2026-03-29,paid,PO-6032
INV-2026-2859,Ridgeline HVAC,492.64,2026-05-26,2026-06-25,paid,PO-6246
INV-2026-4481,Fleetline Maintenance,4589.99,2026-01-10,2026-02-24,overdue,PO-6747
INV-2026-3851,Quartz Design Studio,582.99,2026-04-23,2026-06-22,overdue,PO-6757
INV-2026-5038,Meadowbrook Payroll,756.53,2026-04-26,2026-05-26,pending,PO-6828
INV-2026-3004,Golden Valley Catering,1633.28,2026-01-09,2026-02-08,pending,PO-6125
INV-2026-2485,Ridgeline HVAC,1459.01,2026-02-22,2026-04-23,pending,PO-6937
INV-2026-2700,Ridgeline HVAC,203.52,2026-04-27,2026-06-11,overdue,PO-6488
INV-2026-4768,Quartz Design Studio,179.04,2026-03-25,2026-04-09,paid,PO-6263
INV-2026-4493,Ridgeline HVAC,1451.48,2026-06-10,2026-07-10,pending,PO-6335
INV-2026-3867,Quartz Design Studio,150.68,2026-05-29,2026-06-28,pending,PO-6142
INV-2026-4142,Northwind Security,1628.78,2026-05-31,2026-07-15,pending,PO-6931
INV-2026-3119,Precision Print Shop,474.34,2026-03-12,2026-04-11,overdue,PO-6469
INV-2026-3672,Ironclad Logistics,279.15,2026-01-23,2026-03-24,overdue,PO-6021
INV-2026-2576,Pinnacle Telecom,313.26,2026-06-16,2026-07-16,paid,PO-6125
INV-2026-2290,Northwind Security,256.1,2026-04-01,2026-04-16,pending,PO-6972
INV-2026-3432,Pinnacle Telecom,8798.91,2026-05-17,2026-06-16,overdue,PO-6824
INV-2026-4393,Wellspring Analytics,2107.87,2026-05-30,2026-06-29,pending,PO-6175
INV-2026-3740,Baystate Facilities,1812.66,2026-06-12,2026-08-11,paid,PO-6813
INV-2026-2556,Wellspring Analytics,1561.72,2026-05-26,2026-06-25,pending,PO-6832
INV-2026-4214,SUMMIT OFFICE SUPPLIES,1800.65,2026-06-14,2026-07-14,overdue,PO-6162
INV-2026-2340,Ironclad Logistics,9277.24,2026-01-15,2026-01-30,overdue,PO-6304
INV-2026-2482,Fleetline Maintenance,1995.5,2026-01-28,2026-02-12,paid,PO-6936
INV-2026-2124,Ironclad Logistics,207.96,2026-01-10,2026-03-11,pending,PO-6762
INV-2026-3844,Trustpoint Insurance,800.91,2026-02-08,2026-03-10,pending,PO-6240
INV-2026-2601,BluePeak Marketing,3972.41,2026-02-17,2026-03-19,paid,PO-6115
INV-2026-2508,Fleetline Maintenance,1737.1,2026-04-26,2026-05-26,paid,PO-6686
INV-2026-3131,Fleetline Maintenance,1141.56,2026-02-13,2026-04-14,pending,PO-6917
INV-2026-4070,Harborstone Consulting,2717.32,2026-03-18,2026-04-17,paid,PO-6737
INV-2026-3475,Everline Distribution,693.53,2026-04-22,2026-06-21,pending,PO-6565
INV-2026-2548,Baystate Facilities,2826.22,2026-04-15,2026-05-15,paid,PO-6532
INV-2026-2776,BluePeak Marketing,1379.16,2026-05-15,2026-05-30,overdue,PO-6072
INV-2026-5196,Riverside Cleaning Co,727.13,2026-06-13,2026-07-13,paid,PO-6910
INV-2026-2686,Wellspring Analytics,332.62,2026-05-28,2026-07-12,overdue,PO-6019
INV-2026-3603,BluePeak Marketing,,2026-02-26,2026-03-28,pending,PO-6997
INV-2026-2546,Ridgeline HVAC,1350.76,2026-05-07,2026-06-06,paid,PO-6679
INV-2026-3969,Meadowbrook Payroll,2153.7,2026-01-10,2026-02-09,pending,PO-6612
INV-2026-4565,Golden Valley Catering,,2026-01-25,2026-02-24,overdue,PO-6130
INV-2026-2170,Trustpoint Insurance,384.17,2026-05-27,2026-06-26,pending,PO-6810
INV-2026-3618,Zenith IT Consulting,336.09,2026-01-25,2026-02-24,pending,PO-6395
INV-2026-5055,Fleetline Maintenance,1393.33,2026-02-09,2026-03-11,pending,PO-6505
INV-2026-3997,Wellspring Analytics,1288.92,2026-03-11,2026-04-10,overdue,PO-6148
INV-2026-4549,Ridgeline HVAC,1087.55,2026-02-26,2026-04-12,pending,PO-6045
INV-2026-3597,summit office supplies,209.77,2026-05-14,2026-06-13,overdue,PO-6757
INV-2026-3216,Harborstone Consulting Group,504.18,2026-05-12,2026-07-11,overdue,PO-6463
INV-2026-3748,Summit Office Supplies,578.19,2026-04-07,2026-04-22,pending,PO-6162
INV-2026-3536,Riverside Cleaning Co,919.95,2026-02-28,2026-04-29,paid,PO-6095
INV-2026-3310,Everline Distribution,608.79,2026-06-04,2026-07-04,overdue,PO-6511
INV-2026-2778,Civic Square Legal,1262.2,2026-01-25,2026-02-24,overdue,PO-6454
INV-2026-3948,Zenith IT Consulting,1684.09,2026-06-11,2026-08-10,paid,PO-6166
INV-2026-4485,Riverside Cleaning Co,2583.51,2026-02-21,2026-03-08,paid,PO-6267
INV-2026-4069,Trustpoint Insurance,2178.56,2026-01-01,2026-01-31,overdue,PO-6010
INV-2026-4831,Golden Valley Catering,2485.74,2026-06-05,2026-06-20,pending,PO-6779
INV-2026-3588,Harborstone Consulting Group,1064.15,2026-03-24,2026-04-23,paid,PO-6264
INV-2026-2892,Golden Valley Catering,2399.09,2026-04-19,2026-06-18,overdue,PO-6825
INV-2026-2404,Pinnacle Telecom,652.0,2026-02-10,2026-03-12,paid,PO-6160
INV-2026-4891,Pinnacle Telecom,1025.92,2026-04-30,2026-05-30,paid,PO-6145
INV-2026-5171,Fleetline Maintenance,238.02,2026-02-03,2026-03-05,overdue,PO-6596
INV-2026-3201,Riverside Cleaning Co,188.66,2026-01-08,2026-01-23,pending,PO-6774
INV-2026-2998,Summit Office Supplies,,2026-02-22,2026-03-09,pending,PO-6933
INV-2026-2081,Everline Distribution,452.28,2026-05-11,2026-06-10,paid,PO-6428
INV-2026-2402,Wellspring Analytics,1371.79,2026-05-01,2026-05-31,pending,PO-6117
INV-2026-2126,Quartz Design Studio,580.23,2026-06-23,2026-07-23,pending,PO-6587
INV-2026-3762,Civic Square Legal,1146.02,2026-04-22,2026-05-22,pending,PO-6895
INV-2026-3455,Precision Print Shop,721.74,2026-01-12,2026-03-13,overdue,PO-6216
INV-2026-4147,Meadowbrook Payroll,3558.13,2026-05-14,2026-06-13,paid,PO-6697
INV-2026-3350,Riverside Cleaning Co,,2026-03-29,2026-04-13,paid,PO-6281
INV-2026-4527,Wellspring Analytics,910.79,2026-05-09,2026-07-08,paid,PO-6800
INV-2026-3553,Precision Print Shop,2365.45,2026-03-26,2026-05-10,pending,PO-6136
INV-2026-3181,Summit Office Supplies,258.19,2026-02-08,2026-03-25,pending,PO-6872
INV-2026-4656,Wellspring Analytics,256.93,2026-05-08,2026-05-23,pending,PO-6668
INV-2026-2310,Delta Freight Solutions,1340.09,2026-03-28,2026-04-27,overdue,PO-6218
INV-2026-4741,Harborstone Consulting Group,1049.13,2026-02-06,2026-03-08,paid,PO-6074
INV-2026-2698,Meadowbrook Payroll,249.04,2026-04-23,2026-06-22,overdue,PO-6328
INV-2026-2640,SUMMIT OFFICE SUPPLIES,958.14,2026-06-23,2026-07-23,pending,PO-6036
INV-2026-2220,BluePeak Marketing,2925.05,2026-01-11,2026-02-10,paid,PO-6876
INV-2026-3177,Delta Freight Solutions LLC,296.13,2026-03-19,2026-05-18,overdue,PO-6985
INV-2026-3681,Bluepeak Marketing,835.85,2026-01-31,2026-03-02,pending,PO-6016
INV-2026-3898,Harborstone Consulting Group,93.95,2026-03-22,2026-04-06,overdue,PO-6684
INV-2026-3026,Fleetline Maintenance,582.89,2026-01-08,2026-02-07,paid,PO-6212
INV-2026-2890,Pinnacle Telecom,1360.17,2026-06-03,2026-07-03,overdue,PO-6728
INV-2026-2982,Wellspring Analytics,1218.13,2026-01-22,2026-02-21,overdue,PO-6727
INV-2026-2012,Baystate Facilities,131.89,2026-03-27,2026-04-11,pending,PO-6711
INV-2026-5247,Harborstone Consulting Group,726.66,2026-02-12,2026-03-14,pending,PO-6795
INV-2026-4552,Meadowbrook Payroll,338.47,2026-06-08,2026-07-23,pending,PO-6248
INV-2026-2331,Civic Square Legal,586.42,2026-04-24,2026-05-24,pending,PO-6571
INV-2026-4948,Golden Valley Catering,460.31,2026-03-15,2026-03-30,pending,PO-6901
INV-2026-3397,Zenith IT Consulting,3299.39,2026-03-19,2026-04-03,overdue,PO-6690
INV-2026-3942,Wellspring Analytics,720.21,2026-06-11,2026-06-26,overdue,PO-6658
INV-2026-4216,Precision Print Shop,944.83,2026-01-27,2026-02-26,pending,PO-6252
INV-2026-4593,Ridgeline HVAC,1450.54,2026-01-31,2026-03-02,overdue,PO-6482
INV-2026-4620,Baystate Facilities,1017.14,2026-02-20,2026-04-21,overdue,PO-6038
INV-2026-3080,IRONCLAD LOGISTICS,566.73,2026-02-21,2026-04-22,paid,PO-6911
INV-2026-4054,Precision Print Shop,1947.52,2026-06-16,2026-07-31,pending,PO-6429
INV-2026-2589,Pinnacle Telecom,454.86,2026-02-08,2026-04-09,overdue,PO-6038
INV-2026-5015,Wellspring Analytics,2639.89,2026-01-26,2026-02-25,pending,PO-6892
INV-2026-3572,Civic Square Legal,266.65,2026-03-31,2026-05-15,paid,PO-6365
INV-2026-2365,Summit Office Supplies,187.61,2026-02-07,2026-02-22,paid,PO-6892
INV-2026-3675,Quartz Design Studio,1634.79,2026-03-08,2026-03-23,pending,PO-6365
INV-2026-4837,Meadowbrook Payroll,425.78,2026-02-12,2026-03-14,overdue,PO-6851
INV-2026-3820,Northwind Security,999.11,2026-05-31,2026-06-15,paid,PO-6706
INV-2026-2849,Delta Freight Solutions LLC,584.71,2026-03-28,2026-04-27,paid,PO-6459
INV-2026-3945,Pinnacle Telecom,110.12,2026-03-17,2026-05-01,pending,PO-6387
INV-2026-3793,Trustpoint Insurance,1107.94,2026-05-23,2026-06-22,paid,PO-6502
INV-2026-3061,Trustpoint Insurance,116.56,2026-04-12,2026-05-12,overdue,PO-6592
INV-2026-2090,Quartz Design Studio,4997.89,2026-02-10,2026-03-12,overdue,PO-6336
INV-2026-2517,Riverside Cleaning Co,3168.16,2026-05-06,2026-06-05,overdue,PO-6753
INV-2026-2516,Trustpoint Insurance,995.48,2026-04-15,2026-04-30,paid,PO-6109
INV-2026-2041,Delta Freight Solutions,91.36,2026-02-19,2026-04-05,overdue,PO-6701
INV-2026-3023,Meadowbrook Payroll,1525.66,2026-04-24,2026-06-23,overdue,PO-6085
INV-2026-4226,Everline Distribution,472.69,2026-03-02,2026-04-01,overdue,PO-6071
INV-2026-4439,Golden Valley Catering,382.31,2026-04-08,2026-05-08,pending,PO-6730
INV-2026-4541,Baystate Facilities,310.14,2026-04-18,2026-05-18,overdue,PO-6754
INV-2026-3678,BluePeak Marketing,207.6,2026-04-06,2026-05-06,overdue,PO-6030
INV-2026-4333,Trustpoint Insurance,460.07,2026-06-15,2026-07-15,pending,PO-6697
INV-2026-5053,Golden Valley Catering,2013.66,2026-05-27,2026-06-26,overdue,PO-6833
INV-2026-5142,Baystate Facilities,1230.86,2026-04-13,2026-04-28,pending,PO-6623
INV-2026-3609,Quartz Design Studio,2195.58,2026-06-07,2026-07-07,pending,PO-6429
INV-2026-2761,Golden Valley Catering,905.84,2026-01-31,2026-04-01,paid,PO-6574
INV-2026-3431,Ridgeline HVAC,1609.77,2026-05-02,2026-07-01,paid,PO-6181
INV-2026-3543,Summit Office Supplies,2484.86,2026-04-19,2026-06-18,overdue,PO-6556
INV-2026-4759,Zenith IT Consulting,1183.21,2026-04-23,2026-06-07,pending,PO-6935
INV-2026-3660,Fleetline Maintenance,523.57,2026-02-20,2026-04-06,overdue,PO-6606
INV-2026-2900,Riverside Cleaning Co,1992.53,2026-04-29,2026-05-14,pending,PO-6762
INV-2026-2362,Meadowbrook Payroll,383.39,2026-06-28,2026-08-12,pending,PO-6014
INV-2026-3316,Riverside Cleaning Co,139.59,2026-03-03,2026-04-02,overdue,PO-6352
INV-2026-4275,Pinnacle Telecom,2557.28,2026-01-27,2026-03-28,pending,PO-6944
INV-2026-3962,Zenith IT Consulting,209.47,2026-05-11,2026-06-10,paid,PO-6715
INV-2026-4063,Zenith IT Consulting,140.82,2026-04-20,2026-05-20,overdue,PO-6249
INV-2026-4881,Meadowbrook Payroll,826.99,2026-02-28,2026-03-30,overdue,PO-6031
INV-2026-3718,Baystate Facilities,1466.21,2026-01-21,2026-03-07,overdue,PO-6056
INV-2026-3435,Golden Valley Catering,488.84,2026-06-29,2026-07-29,paid,PO-6813
INV-2026-4020,Northwind Security,45.2,2026-01-22,2026-03-23,overdue,PO-6570
INV-2026-3822,Meadowbrook Payroll,1623.25,2026-04-10,2026-05-10,overdue,PO-6921
INV-2026-2121,SUMMIT OFFICE SUPPLIES,466.2,2026-04-12,2026-05-12,pending,PO-6625
INV-2026-3090,Bluepeak Marketing,465.4,2026-04-22,2026-05-22,pending,PO-6597
INV-2026-4804,Wellspring Analytics,175.61,2026-06-10,2026-07-10,overdue,PO-6260
INV-2026-2584,Meadowbrook Payroll,1412.62,2026-01-08,2026-01-23,overdue,PO-6844
INV-2026-2406,Trustpoint Insurance,272.55,2026-04-19,2026-05-19,overdue,PO-6101
INV-2026-3615,Fleetline Maintenance,3645.07,2026-04-06,2026-05-06,overdue,PO-6418
INV-2026-4878,Meadowbrook Payroll,723.48,2026-05-06,2026-06-05,pending,PO-6280
INV-2026-3870,Baystate Facilities,2775.86,2026-04-07,2026-04-22,pending,PO-6863
INV-2026-4528,Delta Freight Solutions,4920.93,2026-03-25,2026-04-24,paid,PO-6683
INV-2026-3954,Harborstone Consulting,317.26,2026-05-08,2026-05-23,pending,PO-6868
INV-2026-4715,Northwind Security,234.72,2026-05-21,2026-06-20,pending,PO-6226
INV-2026-4582,Fleetline Maintenance,1677.54,2026-02-20,2026-04-06,pending,PO-6052
INV-2026-4506,Civic Square Legal,542.39,2026-03-06,2026-03-21,overdue,PO-6284
INV-2026-2004,Golden Valley Catering,699.12,2026-06-13,2026-07-13,overdue,PO-6041
INV-2026-5093,Zenith IT Consulting,453.58,2026-05-05,2026-06-04,overdue,PO-6326
INV-2026-2071,Zenith IT Consulting,774.47,2026-06-25,2026-07-25,pending,PO-6894
INV-2026-3018,Harborstone Consulting Group,2042.63,2026-06-09,2026-07-09,overdue,PO-6296
INV-2026-2036,Wellspring Analytics,607.91,2026-04-01,2026-05-16,overdue,PO-6735
INV-2026-3088,Baystate Facilities,2354.83,2026-04-29,2026-05-29,paid,PO-6784
INV-2026-4408,Bluepeak Marketing,1672.44,2026-02-21,2026-04-22,pending,PO-6301
INV-2026-2027,Zenith IT Consulting,955.24,2026-02-18,2026-03-05,paid,PO-6857
INV-2026-2701,BluePeak Marketing,246.18,2026-01-20,2026-03-06,paid,PO-6019
INV-2026-2321,Zenith IT Consulting,1347.32,2026-02-02,2026-03-19,pending,PO-6398
INV-2026-3466,Pinnacle Telecom,1309.65,2026-02-25,2026-04-26,paid,PO-6341
INV-2026-2689,Precision Print Shop,378.65,2026-05-12,2026-07-11,overdue,PO-6766
INV-2026-5241,Everline Distribution,1346.7,2026-06-06,2026-07-06,overdue,PO-6292
INV-2026-3405,Delta Freight Solutions LLC,3244.18,2026-04-10,2026-05-10,paid,PO-6860
INV-2026-4041,summit office supplies,2860.92,2026-03-17,2026-04-16,overdue,PO-6195
INV-2026-4106,Everline Distribution,313.12,2026-02-13,2026-03-30,pending,PO-6516
INV-2026-3402,Golden Valley Catering,1239.8,2026-02-06,2026-03-08,overdue,PO-6417
INV-2026-4219,Riverside Cleaning Co,506.18,2026-03-10,2026-04-09,paid,PO-6235
INV-2026-2030,Zenith IT Consulting,418.16,2026-01-15,2026-02-14,paid,PO-6946
INV-2026-3392,Everline Distribution,502.78,2026-05-31,2026-07-15,overdue,PO-6048
INV-2026-4304,Zenith IT Consulting,775.1,2026-05-26,2026-06-10,pending,PO-6932
INV-2026-4854,Trustpoint Insurance,593.6,2026-03-19,2026-04-18,overdue,PO-6925
INV-2026-3973,Everline Distribution,1688.99,2026-04-25,2026-05-25,paid,PO-6890
INV-2026-2178,Meadowbrook Payroll,1143.27,2026-06-13,2026-06-28,overdue,PO-6155
INV-2026-2149,Ridgeline HVAC,1315.82,2026-04-12,2026-05-27,overdue,PO-6287
INV-2026-4774,Quartz Design Studio,1139.99,2026-02-05,2026-03-22,pending,PO-6590
INV-2026-2392,Northwind Security,172.06,2026-03-19,2026-04-18,overdue,PO-6250
INV-2026-4996,Delta Freight Solutions,1361.88,2026-01-16,2026-01-31,pending,PO-6498
INV-2026-4221,Pinnacle Telecom,526.73,2026-03-15,2026-04-29,pending,PO-6471
INV-2026-4348,BluePeak Marketing,884.31,2026-06-26,2026-07-26,overdue,PO-6903
INV-2026-3579,Civic Square Legal,299.12,2026-03-24,2026-04-23,pending,PO-6600
INV-2026-4237,Meadowbrook Payroll,517.61,2026-04-01,2026-05-16,pending,PO-6746
INV-2026-3776,Zenith IT Consulting,158.86,2026-01-20,2026-03-06,pending,PO-6602
INV-2026-4722,Pinnacle Telecom,525.04,2026-02-13,2026-02-28,pending,PO-6984
INV-2026-4034,Fleetline Maintenance,274.7,2026-05-18,2026-06-17,overdue,PO-6949
INV-2026-2197,Trustpoint Insurance,192.73,2026-03-14,2026-04-28,overdue,PO-6761
INV-2026-2765,Wellspring Analytics,687.47,2026-02-07,2026-04-08,overdue,PO-6789
INV-2026-2207,Harborstone Consulting Group,484.36,2026-04-20,2026-05-20,pending,PO-6713
INV-2026-3875,Precision Print Shop,919.98,2026-06-07,2026-07-07,overdue,PO-6104
INV-2026-4640,Ridgeline HVAC,426.54,2026-06-06,2026-07-06,paid,PO-6283
INV-2026-3773,Wellspring Analytics,886.17,2026-01-07,2026-02-06,overdue,PO-6365
INV-2026-5054,Pinnacle Telecom,844.0,2026-05-20,2026-06-19,paid,PO-6617
INV-2026-4440,Delta Freight Solutions,427.18,2026-03-11,2026-03-26,paid,PO-6996
INV-2026-3557,Delta Freight Solutions,130.94,2026-04-01,2026-05-01,paid,PO-6258
INV-2026-2627,Quartz Design Studio,1437.03,2026-06-01,2026-07-01,pending,PO-6800
INV-2026-5114,Zenith IT Consulting,1873.06,2026-04-24,2026-05-24,paid,PO-6645
INV-2026-3268,Riverside Cleaning Co,390.26,2026-05-28,2026-07-12,overdue,PO-6977
INV-2026-2341,Precision Print Shop,179.04,2026-06-28,2026-07-13,paid,PO-6780
INV-2026-4500,Golden Valley Catering,669.21,2026-02-16,2026-03-03,overdue,PO-6139
INV-2026-2875,Baystate Facilities,501.29,2026-06-29,2026-07-29,pending,PO-6676
INV-2026-2597,Ridgeline HVAC,936.9,2026-02-01,2026-04-02,paid,PO-6600
INV-2026-2356,Golden Valley Catering,723.82,2026-03-05,2026-03-20,paid,PO-6892
INV-2026-3888,Baystate Facilities,947.92,2026-02-13,2026-03-15,paid,PO-6089
INV-2026-3130,Golden Valley Catering,6806.98,2026-03-23,2026-04-07,paid,PO-6076
INV-2026-3338,Quartz Design Studio,3198.1,2026-03-04,2026-03-19,paid,PO-6709
INV-2026-3190,Trustpoint Insurance,554.33,2026-04-13,2026-06-12,overdue,PO-6510
INV-2026-3143,Meadowbrook Payroll,415.26,2026-01-20,2026-02-19,paid,PO-6797
INV-2026-4247,Wellspring Analytics,917.37,2026-02-25,2026-04-11,overdue,PO-6846
INV-2026-4116,Everline Distribution,4054.72,2026-05-06,2026-06-20,paid,PO-6727
INV-2026-5074,Quartz Design Studio,1219.95,2026-01-28,2026-03-14,overdue,PO-6877
INV-2026-2948,Baystate Facilities,340.0,2026-02-21,2026-04-07,paid,PO-6162
INV-2026-2796,summit office supplies,4977.47,2026-05-17,2026-06-01,paid,PO-6816
INV-2026-2962,Riverside Cleaning Co,1925.54,2026-03-23,2026-05-07,paid,PO-6233
INV-2026-2835,Ridgeline HVAC,256.11,2026-04-09,2026-06-08,pending,PO-6775
INV-2026-3341,Ironclad Logistics,1066.71,2026-03-04,2026-05-03,overdue,PO-6075
INV-2026-2625,Ridgeline HVAC,49.41,2026-04-27,2026-05-27,pending,PO-6539
INV-2026-2060,Precision Print Shop,4153.7,2026-01-21,2026-02-20,paid,PO-6663
INV-2026-3921,summit office supplies,3185.4,2026-06-21,2026-07-06,pending,PO-6447
INV-2026-2145,Everline Distribution,882.96,2026-01-23,2026-02-07,paid,PO-6525
INV-2026-2109,Zenith IT Consulting,1361.89,2026-06-28,2026-07-13,overdue,PO-6702
INV-2026-3816,Wellspring Analytics,1690.44,2026-01-20,2026-02-19,overdue,PO-6562
INV-2026-2834,Civic Square Legal,5070.39,2026-02-03,2026-03-05,pending,PO-6615
INV-2026-4430,summit office supplies,5142.1,2026-02-07,2026-04-08,pending,PO-6657
INV-2026-4417,Harborstone Consulting Group,209.49,2026-04-06,2026-04-21,pending,PO-6579
INV-2026-2011,Quartz Design Studio,404.08,2026-05-16,2026-06-30,paid,PO-6365
INV-2026-2499,Everline Distribution,2581.33,2026-05-27,2026-07-26,overdue,PO-6695
INV-2026-4667,Riverside Cleaning Co,309.94,2026-04-25,2026-05-25,overdue,PO-6008
INV-2026-4342,Wellspring Analytics,829.57,2026-05-18,2026-07-17,pending,PO-6836
INV-2026-2474,Precision Print Shop,993.25,2026-06-11,2026-08-10,pending,PO-6568
INV-2026-4784,Zenith IT Consulting,132.16,2026-02-22,2026-03-09,paid,PO-6987
INV-2026-3627,Ironclad Logistics,1008.52,2026-05-09,2026-06-08,paid,PO-6605
INV-2026-5099,Pinnacle Telecom,216.96,2026-06-22,2026-08-21,paid,PO-6294
INV-2026-4880,Civic Square Legal,484.94,2026-05-13,2026-05-28,overdue,PO-6385
INV-2026-3617,Quartz Design Studio,,2026-03-21,2026-04-20,pending,PO-6229
INV-2026-3117,Zenith IT Consulting,1101.88,2026-01-27,2026-02-11,pending,PO-6752
INV-2026-4815,Precision Print Shop,12912.8,2026-02-14,2026-03-31,overdue,PO-6930
INV-2026-4278,Quartz Design Studio,1425.3,2026-05-31,2026-07-15,overdue,PO-6271
INV-2026-3380,Quartz Design Studio,539.16,2026-02-07,2026-03-09,paid,PO-6940
INV-2026-3856,Delta Freight Solutions LLC,1147.08,2026-06-01,2026-07-01,overdue,PO-6957
INV-2026-3145,Harborstone Consulting Group,561.86,2026-06-28,2026-07-28,overdue,PO-6287
INV-2026-4359,Civic Square Legal,1961.84,2026-03-01,2026-03-31,overdue,PO-6590
INV-2026-2785,Northwind Security,205.78,2026-04-04,2026-05-04,overdue,PO-6706
INV-2026-3802,Fleetline Maintenance,1368.45,2026-05-01,2026-05-31,paid,PO-6042
INV-2026-4311,Trustpoint Insurance,2920.71,2026-01-31,2026-02-15,overdue,PO-6630
INV-2026-2338,Precision Print Shop,439.25,2026-02-08,2026-02-23,paid,PO-6507
INV-2026-2566,Northwind Security,910.77,2026-04-05,2026-06-04,overdue,PO-6443
INV-2026-4708,summit office supplies,925.24,2026-06-27,2026-07-27,pending,PO-6042
INV-2026-3701,Baystate Facilities,1465.08,2026-04-01,2026-05-31,paid,PO-6766
INV-2026-2471,Riverside Cleaning Co,380.21,2026-06-19,2026-07-19,pending,PO-6130
INV-2026-3225,Bluepeak Marketing,957.35,2026-04-24,2026-05-09,overdue,PO-6343
INV-2026-5173,Everline Distribution,1366.11,2026-05-15,2026-06-14,pending,PO-6866
INV-2026-3223,Baystate Facilities,516.56,2026-05-31,2026-06-30,overdue,PO-6985
INV-2026-4682,Harborstone Consulting Group,253.29,2026-05-29,2026-06-28,overdue,PO-6402
INV-2026-2111,Golden Valley Catering,3143.92,2026-03-28,2026-04-12,pending,PO-6382
INV-2026-3033,Civic Square Legal,3018.41,2026-06-21,2026-07-06,pending,PO-6633
INV-2026-4597,SUMMIT OFFICE SUPPLIES,1275.12,2026-04-14,2026-05-14,overdue,PO-6653
INV-2026-2593,Bluepeak Marketing,851.99,2026-03-21,2026-04-05,pending,PO-6372
INV-2026-2638,Bluepeak Marketing,338.1,2026-03-29,2026-04-13,overdue,PO-6357
INV-2026-4100,IRONCLAD LOGISTICS,1568.87,2026-01-15,2026-02-14,pending,PO-6777
INV-2026-3624,Ridgeline HVAC,3989.11,2026-01-08,2026-02-22,overdue,PO-6869
INV-2026-2409,Everline Distribution,3961.97,2026-03-21,2026-05-20,pending,PO-6597
INV-2026-4415,Zenith IT Consulting,610.71,2026-03-11,2026-05-10,overdue,PO-6603
INV-2026-3486,Northwind Security,127.49,2026-06-22,2026-07-07,paid,PO-6117
INV-2026-3906,Meadowbrook Payroll,320.2,2026-02-26,2026-03-13,pending,PO-6932
INV-2026-3953,Everline Distribution,83.25,2026-01-04,2026-02-03,pending,PO-6626
INV-2026-4044,Golden Valley Catering,124.49,2026-03-16,2026-03-31,pending,PO-6263
INV-2026-2908,Bluepeak Marketing,955.31,2026-02-07,2026-03-09,pending,PO-6072
INV-2026-3961,Quartz Design Studio,743.7,2026-06-19,2026-07-19,overdue,PO-6460
INV-2026-4866,Everline Distribution,150.09,2026-02-13,2026-04-14,overdue,PO-6955
INV-2026-2559,Harborstone Consulting,3979.58,2026-06-20,2026-07-20,pending,PO-6303
INV-2026-3999,Golden Valley Catering,1716.11,2026-04-15,2026-06-14,pending,PO-6288
INV-2026-2330,Meadowbrook Payroll,1945.97,2026-01-11,2026-02-10,paid,PO-6289
INV-2026-2655,Ridgeline HVAC,114.91,2026-03-24,2026-05-23,paid,PO-6866
INV-2026-2389,Wellspring Analytics,355.19,2026-04-22,2026-05-22,pending,PO-6428
INV-2026-2370,Quartz Design Studio,932.45,2026-06-07,2026-06-22,pending,PO-6880
INV-2026-4422,Meadowbrook Payroll,3050.65,2026-02-11,2026-03-13,overdue,PO-6573
INV-2026-4322,Ridgeline HVAC,1374.96,2026-05-04,2026-07-03,pending,PO-6575
INV-2026-2196,Precision Print Shop,886.94,2026-02-07,2026-03-24,overdue,PO-6520
INV-2026-5157,Golden Valley Catering,224.37,2026-05-21,2026-06-05,paid,PO-6765
INV-2026-2316,Fleetline Maintenance,415.29,2026-02-05,2026-04-06,pending,PO-6173
INV-2026-2020,IRONCLAD LOGISTICS,711.72,2026-03-24,2026-04-23,overdue,PO-6760
INV-2026-3451,Bluepeak Marketing,750.62,2026-04-07,2026-05-07,paid,PO-6299
INV-2026-2044,Golden Valley Catering,627.4,2026-03-19,2026-04-18,overdue,PO-6675
INV-2026-3604,Wellspring Analytics,11406.45,2026-04-19,2026-05-19,paid,PO-6683
INV-2026-2119,Northwind Security,672.84,2026-05-29,2026-06-28,overdue,PO-6500
INV-2026-3830,Riverside Cleaning Co,3440.4,2026-04-19,2026-05-19,paid,PO-6379
INV-2026-2235,Delta Freight Solutions,2004.97,2026-01-29,2026-02-28,pending,PO-6611
INV-2026-4856,Precision Print Shop,3604.64,2026-05-29,2026-07-28,overdue,PO-6903
INV-2026-3576,Civic Square Legal,6759.19,2026-02-04,2026-03-06,overdue,PO-6085
INV-2026-2853,Quartz Design Studio,1195.69,2026-04-14,2026-05-14,pending,PO-6434
INV-2026-2120,Wellspring Analytics,996.69,2026-06-29,2026-08-28,pending,PO-6240
INV-2026-2452,Meadowbrook Payroll,1059.97,2026-05-07,2026-07-06,pending,PO-6326
INV-2026-3412,Baystate Facilities,470.01,2026-05-18,2026-06-17,overdue,PO-6025
INV-2026-2491,Golden Valley Catering,593.31,2026-05-28,2026-07-12,pending,PO-6599
INV-2026-2755,Meadowbrook Payroll,565.76,2026-06-19,2026-07-19,overdue,PO-6385
INV-2026-3905,Pinnacle Telecom,981.73,2026-04-18,2026-05-18,overdue,PO-6842
INV-2026-4258,Fleetline Maintenance,1865.76,2026-03-01,2026-04-15,paid,PO-6648
INV-2026-3228,Northwind Security,1577.83,2026-05-03,2026-06-02,pending,PO-6996
INV-2026-2102,Quartz Design Studio,465.02,2026-02-14,2026-03-16,pending,PO-6994
INV-2026-3284,Trustpoint Insurance,1293.79,2026-05-02,2026-05-17,pending,PO-6818
INV-2026-3959,Civic Square Legal,7734.31,2026-05-02,2026-07-01,pending,PO-6261
INV-2026-5001,Golden Valley Catering,7136.45,2026-03-26,2026-04-25,overdue,PO-6985
INV-2026-2364,Baystate Facilities,128.51,2026-03-30,2026-05-29,pending,PO-6799
INV-2026-3339,Meadowbrook Payroll,339.39,2026-04-13,2026-05-13,paid,PO-6070
INV-2026-2729,Civic Square Legal,465.57,2026-01-01,2026-01-31,pending,PO-6700
INV-2026-4448,Wellspring Analytics,810.74,2026-01-11,2026-02-10,paid,PO-6420
INV-2026-4571,Golden Valley Catering,2210.03,2026-04-01,2026-05-01,pending,PO-6998
INV-2026-4938,Wellspring Analytics,4276.65,2026-05-27,2026-07-26,pending,PO-6423
INV-2026-3538,Golden Valley Catering,567.08,2026-04-20,2026-06-04,pending,PO-6321
INV-2026-3299,Harborstone Consulting,269.2,2026-06-29,2026-08-13,pending,PO-6433
INV-2026-2966,Wellspring Analytics,943.6,2026-06-13,2026-07-28,paid,PO-6457
INV-2026-3886,Fleetline Maintenance,81.36,2026-01-09,2026-02-08,pending,PO-6504
INV-2026-4332,Fleetline Maintenance,581.31,2026-05-15,2026-05-30,overdue,PO-6761
INV-2026-4242,Riverside Cleaning Co,229.93,2026-04-07,2026-05-07,overdue,PO-6976
INV-2026-2933,Quartz Design Studio,274.79,2026-03-11,2026-05-10,overdue,PO-6373
INV-2026-2176,Northwind Security,190.83,2026-01-12,2026-02-11,paid,PO-6065
INV-2026-4328,Pinnacle Telecom,2153.74,2026-02-07,2026-03-24,paid,PO-6100
INV-2026-4894,Zenith IT Consulting,208.29,2026-05-01,2026-05-16,paid,PO-6991
INV-2026-4810,Civic Square Legal,3404.31,2026-04-29,2026-05-29,paid,PO-6300
INV-2026-4952,Quartz Design Studio,2991.64,2026-06-05,2026-07-20,pending,PO-6485
INV-2026-3801,Bluepeak Marketing,682.66,2026-03-01,2026-03-31,paid,PO-6770
INV-2026-4731,Wellspring Analytics,688.23,2026-02-19,2026-04-05,paid,PO-6257
INV-2026-4160,Trustpoint Insurance,1373.9,2026-02-18,2026-03-20,pending,PO-6228
INV-2026-4151,Wellspring Analytics,45.29,2026-06-27,2026-08-26,overdue,PO-6988
INV-2026-5146,Harborstone Consulting Group,3385.76,2026-03-08,2026-04-07,pending,PO-6475
INV-2026-2104,Quartz Design Studio,209.6,2026-05-24,2026-06-23,overdue,PO-6166
INV-2026-5231,Baystate Facilities,13621.84,2026-02-27,2026-03-29,paid,PO-6139
INV-2026-4425,IRONCLAD LOGISTICS,2727.94,2026-01-20,2026-02-19,paid,PO-6009
INV-2026-2862,Riverside Cleaning Co,3757.64,2026-03-06,2026-05-05,overdue,PO-6819
INV-2026-4603,summit office supplies,1288.67,2026-02-20,2026-03-22,overdue,PO-6295
INV-2026-5017,Civic Square Legal,2022.42,2026-03-23,2026-05-22,paid,PO-6156
INV-2026-2229,Wellspring Analytics,203.96,2026-02-10,2026-03-12,pending,PO-6884
INV-2026-3050,Pinnacle Telecom,401.7,2026-05-31,2026-06-15,overdue,PO-6896
INV-2026-3470,Bluepeak Marketing,2107.41,2026-02-11,2026-04-12,paid,PO-6327
INV-2026-3768,Ironclad Logistics,234.76,2026-02-20,2026-04-06,overdue,PO-6825
INV-2026-4893,Harborstone Consulting,473.97,2026-05-01,2026-05-31,paid,PO-6576
INV-2026-4466,Golden Valley Catering,5655.15,2026-02-03,2026-03-05,overdue,PO-6609
INV-2026-3640,Meadowbrook Payroll,2239.71,2026-04-04,2026-05-04,paid,PO-6598
INV-2026-3580,Golden Valley Catering,1443.78,2026-05-31,2026-07-15,overdue,PO-6076
INV-2026-3926,Trustpoint Insurance,219.68,2026-06-01,2026-07-01,overdue,PO-6088
INV-2026-3410,Golden Valley Catering,832.96,2026-06-08,2026-07-23,pending,PO-6682
INV-2026-2066,SUMMIT OFFICE SUPPLIES,911.12,2026-05-06,2026-06-05,paid,PO-6620
INV-2026-3772,Fleetline Maintenance,1312.36,2026-03-27,2026-04-26,pending,PO-6189
INV-2026-3545,Wellspring Analytics,376.54,2026-04-29,2026-06-28,pending,PO-6285
INV-2026-4107,Northwind Security,384.7,2026-05-07,2026-05-22,overdue,PO-6987
INV-2026-3006,Bluepeak Marketing,948.92,2026-06-23,2026-07-23,paid,PO-6895
INV-2026-2174,Riverside Cleaning Co,638.57,2026-02-05,2026-03-07,pending,PO-6371
INV-2026-3649,Wellspring Analytics,367.08,2026-01-12,2026-02-11,pending,PO-6627
INV-2026-3932,summit office supplies,2769.96,2026-05-16,2026-06-15,overdue,PO-6463
INV-2026-3330,Quartz Design Studio,51.63,2026-03-13,2026-03-28,overdue,PO-6096
INV-2026-4745,SUMMIT OFFICE SUPPLIES,424.74,2026-01-02,2026-02-01,pending,PO-6375
INV-2026-4249,IRONCLAD LOGISTICS,179.77,2026-01-25,2026-03-11,paid,PO-6547
INV-2026-3812,Pinnacle Telecom,3453.25,2026-01-15,2026-02-14,overdue,PO-6679
INV-2026-4754,Golden Valley Catering,257.3,,2026-02-24,overdue,PO-6630
INV-2026-3172,Riverside Cleaning Co,1666.61,2026-05-26,2026-06-25,paid,PO-6444
INV-2026-4474,Fleetline Maintenance,116.92,2026-01-31,2026-03-17,pending,PO-6430
INV-2026-3574,IRONCLAD LOGISTICS,1570.45,2026-02-28,2026-04-29,overdue,PO-6532
INV-2026-2837,Harborstone Consulting,1958.32,2026-03-04,2026-04-03,paid,PO-6245
INV-2026-3231,Fleetline Maintenance,2006.33,2026-01-08,2026-02-07,overdue,PO-6438
INV-2026-2718,IRONCLAD LOGISTICS,1100.08,2026-05-27,2026-07-11,pending,PO-6980
INV-2026-2939,Meadowbrook Payroll,1563.98,2026-03-26,2026-05-10,paid,PO-6747
INV-2026-3873,Precision Print Shop,131.97,2026-02-09,2026-04-10,pending,PO-6303
INV-2026-4459,Riverside Cleaning Co,1322.27,2026-03-20,2026-05-04,paid,PO-6853
INV-2026-4898,Quartz Design Studio,1349.34,2026-02-12,2026-03-29,pending,PO-6406
INV-2026-2433,Trustpoint Insurance,469.02,2026-03-04,2026-04-03,overdue,PO-6795
INV-2026-3230,Fleetline Maintenance,436.93,2026-02-13,2026-03-15,pending,PO-6555
INV-2026-5007,Pinnacle Telecom,27367.44,2026-03-18,2026-05-02,paid,PO-6849
INV-2026-5205,Everline Distribution,50060.83,2026-03-10,2026-03-25,pending,PO-6426
INV-2026-2513,Everline Distribution,1139.26,2026-01-28,2026-02-12,paid,PO-6481
INV-2026-2681,Civic Square Legal,3528.09,2026-03-28,2026-04-12,paid,PO-6407
INV-2026-3757,Bluepeak Marketing,,2026-04-14,2026-05-14,overdue,PO-6479
INV-2026-4284,Everline Distribution,5244.17,2026-03-29,2026-05-13,overdue,PO-6269
INV-2026-2763,Golden Valley Catering,1495.9,2026-06-25,2026-07-25,paid,PO-6604
INV-2026-4324,Quartz Design Studio,6814.23,2026-01-21,2026-02-05,paid,PO-6825
INV-2026-4379,Delta Freight Solutions LLC,3741.87,2026-05-23,2026-06-22,pending,PO-6280
INV-2026-5162,Golden Valley Catering,243.75,2026-06-21,2026-07-06,pending,PO-6783
INV-2026-3686,Baystate Facilities,4661.24,2026-04-17,2026-06-16,paid,PO-6002
INV-2026-2350,Golden Valley Catering,1528.55,2026-06-17,2026-07-02,pending,PO-6027
INV-2026-5267,Zenith IT Consulting,418.16,2026-01-21,2026-02-20,paid,PO-6960
INV-2026-3005,Quartz Design Studio,574.38,2026-06-03,2026-07-03,paid,PO-6550
INV-2026-4957,Northwind Security,645.01,2026-05-31,2026-07-15,paid,PO-6148
INV-2026-3188,Delta Freight Solutions,2534.54,2026-02-18,2026-04-04,overdue,PO-6051
INV-2026-3186,Everline Distribution,846.62,2026-01-09,2026-02-08,paid,PO-6894
INV-2026-2028,Everline Distribution,612.87,2026-04-15,2026-05-30,paid,PO-6119
INV-2026-3790,Everline Distribution,1384.79,2026-03-08,2026-03-23,overdue,PO-6454
INV-2026-4589,Golden Valley Catering,172.95,2026-05-08,2026-06-22,overdue,PO-6450
INV-2026-4133,Meadowbrook Payroll,920.25,2026-06-12,2026-07-12,overdue,PO-6823
INV-2026-2464,Delta Freight Solutions LLC,433.32,2026-05-05,2026-06-19,pending,PO-6933
INV-2026-2564,Riverside Cleaning Co,199.07,2026-04-16,2026-05-01,overdue,PO-6091
INV-2026-2866,Ironclad Logistics,252.5,2026-05-15,2026-05-30,paid,PO-6861
INV-2026-5101,Wellspring Analytics,60.78,2026-02-05,2026-03-07,pending,PO-6851
INV-2026-3038,Trustpoint Insurance,2205.64,2026-02-02,2026-03-04,overdue,PO-6205
INV-2026-4383,Quartz Design Studio,564.03,2026-04-01,2026-05-31,pending,PO-6703
INV-2026-2309,Riverside Cleaning Co,342.1,2026-06-28,2026-08-12,overdue,PO-6937
INV-2026-4203,Meadowbrook Payroll,185.73,2026-06-01,2026-07-31,paid,PO-6540
INV-2026-2296,Baystate Facilities,318.92,2026-03-02,2026-04-01,paid,PO-6491
INV-2026-2885,Northwind Security,,2026-04-03,2026-06-02,pending,PO-6395
INV-2026-2942,Wellspring Analytics,4189.79,2026-03-07,2026-04-06,paid,PO-6024
INV-2026-2599,Golden Valley Catering,846.68,2026-06-18,2026-07-18,paid,PO-6126
INV-2026-4926,Bluepeak Marketing,358.51,2026-06-17,2026-08-01,pending,PO-6330
INV-2026-4914,Precision Print Shop,1407.25,2026-03-19,2026-04-18,paid,PO-6186
INV-2026-2912,Meadowbrook Payroll,2305.34,2026-02-08,2026-04-09,overdue,PO-6659
INV-2026-4696,Summit Office Supplies,774.26,2026-02-14,2026-03-01,overdue,PO-6999
INV-2026-2129,Harborstone Consulting,945.61,2026-01-09,2026-01-24,paid,PO-6295
INV-2026-3140,Baystate Facilities,190.92,2026-06-15,2026-07-30,pending,PO-6167
INV-2026-4213,Ironclad Logistics,1789.15,2026-04-13,2026-06-12,overdue,PO-6418
INV-2026-2161,summit office supplies,206.76,2026-05-24,2026-06-23,paid,PO-6025
INV-2026-3210,Wellspring Analytics,395.5,2026-05-03,2026-07-02,paid,PO-6286
INV-2026-4102,Everline Distribution,354.44,2026-01-18,2026-02-17,paid,PO-6002
INV-2026-3024,Zenith IT Consulting,347.67,2026-06-27,2026-07-27,pending,PO-6939
INV-2026-3958,Everline Distribution,3625.52,2026-03-02,2026-04-01,paid,PO-6247
INV-2026-3859,Northwind Security,1159.8,2026-04-30,2026-05-30,paid,PO-6867
INV-2026-3849,Everline Distribution,157.0,2026-04-20,2026-06-19,pending,PO-6217
INV-2026-3645,Wellspring Analytics,2419.87,2026-01-02,2026-01-17,overdue,PO-6668
INV-2026-2230,Everline Distribution,658.7,2026-03-30,2026-05-14,paid,PO-6724
INV-2026-3290,Ridgeline HVAC,618.67,2026-03-27,2026-04-26,paid,PO-6097
INV-2026-4512,Pinnacle Telecom,508.58,2026-05-29,2026-07-28,overdue,PO-6483
INV-2026-3241,Riverside Cleaning Co,533.72,2026-06-25,2026-07-25,pending,PO-6900
INV-2026-3811,Harborstone Consulting,1348.95,2026-02-07,2026-04-08,paid,PO-6327
INV-2026-3577,Everline Distribution,1271.87,2026-05-30,2026-07-29,overdue,PO-6857
INV-2026-3271,Precision Print Shop,937.89,2026-02-06,2026-03-08,pending,PO-6254
INV-2026-4778,Trustpoint Insurance,101.2,,2026-03-19,paid,PO-6454
INV-2026-4536,Golden Valley Catering,2534.6,2026-06-11,2026-07-11,pending,PO-6565
INV-2026-3734,Harborstone Consulting Group,817.9,2026-06-16,2026-07-01,paid,PO-6588
INV-2026-5069,Trustpoint Insurance,82.46,2026-03-29,2026-04-28,paid,PO-6459
INV-2026-4794,Meadowbrook Payroll,226.54,2026-05-12,2026-07-11,overdue,PO-6881
INV-2026-3449,Everline Distribution,3948.71,2026-06-21,2026-08-05,pending,PO-6526
INV-2026-2377,SUMMIT OFFICE SUPPLIES,1359.5,2026-01-13,2026-02-12,paid,PO-6630
INV-2026-4678,Golden Valley Catering,449.18,2026-03-09,2026-04-08,pending,PO-6224
INV-2026-4253,Pinnacle Telecom,629.68,2026-04-09,2026-04-24,overdue,PO-6918
INV-2026-2005,Baystate Facilities,2400.28,2026-01-11,2026-02-25,pending,PO-6848
INV-2026-4157,IRONCLAD LOGISTICS,5216.71,2026-02-21,2026-03-23,paid,PO-6551
INV-2026-2386,Harborstone Consulting Group,222.85,2026-05-26,2026-07-25,paid,PO-6512
INV-2026-2257,Pinnacle Telecom,2875.82,2026-04-11,2026-06-10,pending,PO-6716
INV-2026-4773,Delta Freight Solutions,462.96,2026-01-31,2026-03-02,paid,PO-6322
INV-2026-2297,Wellspring Analytics,350.42,2026-01-10,2026-02-09,paid,PO-6312
INV-2026-3084,Civic Square Legal,157.44,2026-06-13,2026-07-13,pending,PO-6202
INV-2026-5032,Meadowbrook Payroll,1509.64,2026-04-10,2026-04-25,overdue,PO-6093
INV-2026-3779,IRONCLAD LOGISTICS,2919.16,2026-04-17,2026-06-01,paid,PO-6464
INV-2026-4689,Northwind Security,1126.71,2026-05-08,2026-06-07,overdue,PO-6719
INV-2026-2140,Civic Square Legal,1980.78,2026-04-11,2026-05-11,pending,PO-6059
INV-2026-4553,Civic Square Legal,352.76,2026-04-02,2026-05-02,pending,PO-6192
INV-2026-4631,Fleetline Maintenance,2621.49,2026-02-16,2026-03-18,overdue,PO-6350
INV-2026-3138,Ironclad Logistics,503.24,2026-03-13,2026-03-28,overdue,PO-6869
INV-2026-2098,Quartz Design Studio,124.95,2026-02-19,2026-04-05,overdue,PO-6218
INV-2026-2270,Wellspring Analytics,742.66,2026-01-24,2026-02-23,overdue,PO-6049
INV-2026-4746,Harborstone Consulting,3562.73,2026-01-15,2026-01-30,paid,PO-6898
INV-2026-5256,Wellspring Analytics,969.33,2026-03-21,2026-04-20,pending,PO-6912
INV-2026-2854,Pinnacle Telecom,403.36,2026-02-10,2026-04-11,overdue,PO-6280
INV-2026-2446,Civic Square Legal,350.25,2026-05-31,2026-07-15,overdue,PO-6271
INV-2026-5147,Fleetline Maintenance,95.73,2026-03-03,2026-03-18,paid,PO-6489
INV-2026-3526,BluePeak Marketing,3957.84,2026-06-06,2026-06-21,pending,PO-6273
INV-2026-3146,Precision Print Shop,1486.62,2026-06-15,2026-07-15,paid,PO-6910
INV-2026-4502,Civic Square Legal,2668.48,2026-05-28,2026-06-12,pending,PO-6039
INV-2026-2730,Fleetline Maintenance,761.65,2026-04-17,2026-06-16,pending,PO-6856
INV-2026-3763,Delta Freight Solutions,1642.21,2026-01-16,2026-03-02,pending,PO-6759
INV-2026-3965,BluePeak Marketing,7163.9,2026-02-22,2026-03-24,pending,PO-6430
INV-2026-2002,Riverside Cleaning Co,370.04,2026-01-21,2026-02-05,paid,PO-6898
INV-2026-2324,Quartz Design Studio,102.16,2026-03-13,2026-05-12,paid,PO-6825
INV-2026-2264,Pinnacle Telecom,,2026-02-19,2026-03-21,pending,PO-6796
INV-2026-4944,Delta Freight Solutions,423.17,2026-05-24,2026-06-23,paid,PO-6205
INV-2026-4829,Harborstone Consulting,666.91,2026-03-12,2026-03-27,overdue,PO-6402
INV-2026-3878,Precision Print Shop,1769.84,2026-01-30,2026-03-01,overdue,PO-6315
INV-2026-3970,Northwind Security,590.06,2026-01-14,2026-01-29,overdue,PO-6435
INV-2026-5024,Bluepeak Marketing,3818.06,2026-01-06,2026-02-20,pending,PO-6226
INV-2026-4212,Northwind Security,1630.6,2026-05-18,2026-06-17,overdue,PO-6422
INV-2026-5210,Riverside Cleaning Co,509.44,2026-02-23,2026-03-25,paid,PO-6042
INV-2026-4345,Wellspring Analytics,1107.62,2026-02-22,2026-03-24,pending,PO-6872
INV-2026-2287,Riverside Cleaning Co,2349.81,2026-04-27,2026-05-27,pending,PO-6473
INV-2026-4223,Meadowbrook Payroll,594.72,2026-02-10,2026-04-11,paid,PO-6637
INV-2026-5148,Baystate Facilities,1604.35,2026-01-14,2026-02-13,overdue,PO-6291
INV-2026-2838,Zenith IT Consulting,6293.51,2026-03-19,2026-04-18,overdue,PO-6901
INV-2026-3368,Wellspring Analytics,146.35,2026-02-14,2026-04-15,pending,PO-6834
INV-2026-2061,Pinnacle Telecom,13605.82,2026-05-03,2026-06-02,overdue,PO-6872
INV-2026-3658,Ridgeline HVAC,765.15,2026-06-29,2026-07-29,pending,PO-6141
INV-2026-4927,Golden Valley Catering,807.79,2026-05-01,2026-05-31,paid,PO-6281
INV-2026-4973,Zenith IT Consulting,703.2,2026-06-04,2026-08-03,overdue,PO-6348
INV-2026-3114,Precision Print Shop,176.23,2026-04-12,2026-05-12,pending,PO-6044
INV-2026-2946,Bluepeak Marketing,2746.04,2026-05-10,2026-06-09,paid,PO-6988
INV-2026-2500,Trustpoint Insurance,6550.78,2026-03-25,2026-05-09,overdue,PO-6285
INV-2026-3185,Golden Valley Catering,2786.73,2026-04-27,2026-05-27,pending,PO-6719
INV-2026-4752,Everline Distribution,95.12,2026-06-25,2026-07-25,paid,PO-6838
INV-2026-4473,Fleetline Maintenance,,2026-05-20,2026-06-19,overdue,PO-6704
INV-2026-5056,Baystate Facilities,251.83,2026-05-04,2026-06-03,overdue,PO-6494
INV-2026-3474,Wellspring Analytics,454.16,2026-01-25,2026-02-24,pending,PO-6322
INV-2026-2304,Bluepeak Marketing,565.15,2026-03-07,2026-03-22,pending,PO-6392
INV-2026-2293,Riverside Cleaning Co,300.01,2026-04-21,2026-05-06,overdue,PO-6207
INV-2026-3043,Delta Freight Solutions,317.55,2026-02-10,2026-04-11,pending,PO-6450
INV-2026-3314,Ironclad Logistics,1999.91,2026-06-06,2026-07-06,overdue,PO-6802
INV-2026-3398,Pinnacle Telecom,697.11,2026-02-28,2026-03-30,paid,PO-6864
INV-2026-2013,SUMMIT OFFICE SUPPLIES,465.08,2026-06-21,2026-07-21,pending,PO-6087
INV-2026-2032,Everline Distribution,455.4,2026-03-19,2026-05-18,paid,PO-6776
INV-2026-4665,Everline Distribution,1310.31,2026-01-07,2026-01-22,paid,PO-6973
INV-2026-4141,Quartz Design Studio,370.88,2026-01-12,2026-01-27,paid,PO-6796
INV-2026-3235,Wellspring Analytics,4082.9,2026-05-02,2026-05-17,paid,PO-6805
INV-2026-2286,IRONCLAD LOGISTICS,945.37,2026-03-08,2026-04-07,pending,PO-6044
INV-2026-2315,Pinnacle Telecom,4990.33,2026-06-12,2026-07-12,overdue,PO-6326
INV-2026-5087,Everline Distribution,312.4,2026-06-27,2026-07-12,pending,PO-6628
INV-2026-2280,Zenith IT Consulting,298.25,2026-06-02,2026-07-02,paid,PO-6446
INV-2026-3664,Golden Valley Catering,117.82,2026-01-09,2026-02-08,paid,PO-6809
INV-2026-4868,Trustpoint Insurance,1484.33,2026-05-06,2026-06-05,paid,PO-6937
INV-2026-3736,IRONCLAD LOGISTICS,823.77,2026-02-18,2026-03-05,paid,PO-6358
INV-2026-2322,Trustpoint Insurance,401.34,2026-05-30,2026-06-29,pending,PO-6143
INV-2026-4747,IRONCLAD LOGISTICS,622.09,2026-04-10,2026-05-10,pending,PO-6213
INV-2026-5062,Fleetline Maintenance,15.05,2026-02-11,2026-03-13,paid,PO-6727
INV-2026-3826,Everline Distribution,1188.62,2026-03-02,2026-04-01,pending,PO-6189
INV-2026-2348,Precision Print Shop,447.86,2026-01-18,2026-02-02,overdue,PO-6360
INV-2026-5091,Northwind Security,930.28,2026-02-08,2026-03-25,paid,PO-6465
INV-2026-2534,Quartz Design Studio,419.3,2026-06-28,2026-07-28,paid,PO-6358
INV-2026-5230,Pinnacle Telecom,331.61,2026-04-04,2026-05-04,pending,PO-6652
INV-2026-3501,Pinnacle Telecom,288.26,2026-02-28,2026-03-15,overdue,PO-6194
INV-2026-4293,Baystate Facilities,301.2,2026-02-23,2026-03-25,overdue,PO-6048
INV-2026-4260,Quartz Design Studio,,2026-02-12,2026-03-14,overdue,PO-6885
INV-2026-3307,Zenith IT Consulting,3094.69,2026-03-15,2026-04-14,pending,PO-6369
INV-2026-4834,Pinnacle Telecom,541.18,2026-02-12,2026-02-27,paid,PO-6586
INV-2026-5259,Wellspring Analytics,1336.87,2026-06-23,2026-07-23,overdue,PO-6246
INV-2026-2381,Golden Valley Catering,1479.05,2026-05-12,2026-05-27,overdue,PO-6190
INV-2026-4870,Baystate Facilities,590.93,2026-01-09,2026-01-24,pending,PO-6870
INV-2026-4476,Ironclad Logistics,1122.2,2026-03-03,2026-04-02,pending,PO-6434
INV-2026-2975,Precision Print Shop,1409.19,2026-06-14,2026-06-29,overdue,PO-6885
INV-2026-3682,Riverside Cleaning Co,349.92,2026-01-04,2026-02-03,pending,PO-6486
INV-2026-2721,Ironclad Logistics,603.25,2026-03-11,2026-04-10,pending,PO-6897
INV-2026-3121,Precision Print Shop,1479.24,2026-05-10,2026-06-09,overdue,PO-6490
INV-2026-4666,Delta Freight Solutions LLC,2493.09,2026-02-08,2026-04-09,overdue,PO-6102
INV-2026-2336,Civic Square Legal,528.66,2026-06-14,2026-07-29,overdue,PO-6797
INV-2026-2716,Riverside Cleaning Co,215.06,2026-06-29,2026-07-14,paid,PO-6281
INV-2026-4883,Meadowbrook Payroll,1308.63,2026-05-27,2026-06-26,pending,PO-6358
INV-2026-2936,Delta Freight Solutions,429.7,2026-02-06,2026-03-23,paid,PO-6910
INV-2026-2043,Meadowbrook Payroll,623.3,2026-06-29,2026-08-13,pending,PO-6563
INV-2026-3971,Zenith IT Consulting,282.18,2026-05-04,2026-06-03,paid,PO-6959
INV-2026-4755,Northwind Security,2282.14,2026-05-22,2026-06-21,pending,PO-6508
INV-2026-3132,Wellspring Analytics,918.6,2026-01-15,2026-02-14,pending,PO-6893
INV-2026-3260,Zenith IT Consulting,1378.93,2026-05-07,2026-06-06,pending,PO-6341
INV-2026-2648,Ridgeline HVAC,1950.15,2026-04-28,2026-06-12,pending,PO-6458
INV-2026-2888,Fleetline Maintenance,12176.74,2026-03-17,2026-04-01,overdue,PO-6294
INV-2026-2704,SUMMIT OFFICE SUPPLIES,6855.17,2026-03-09,2026-04-08,overdue,PO-6099
INV-2026-4863,Quartz Design Studio,65.33,2026-06-12,2026-06-27,paid,PO-6505
INV-2026-4684,Precision Print Shop,1880.87,,2026-06-21,overdue,PO-6920
INV-2026-5009,Ironclad Logistics,1452.82,2026-06-08,2026-06-23,overdue,PO-6019
INV-2026-4350,Everline Distribution,3253.0,2026-03-31,2026-04-15,paid,PO-6020
INV-2026-3069,Meadowbrook Payroll,361.22,2026-05-05,2026-07-04,paid,PO-6661
INV-2026-4611,Delta Freight Solutions,1337.47,2026-04-25,2026-06-09,paid,PO-6119
INV-2026-4469,Zenith IT Consulting,469.46,2026-06-15,2026-07-15,overdue,PO-6775
INV-2026-3309,Meadowbrook Payroll,1069.6,2026-02-27,2026-04-28,overdue,PO-6347
INV-2026-4900,Zenith IT Consulting,5908.96,,2026-03-11,paid,PO-6980
INV-2026-4887,Precision Print Shop,1030.03,2026-02-04,2026-03-06,overdue,PO-6167
INV-2026-4138,Everline Distribution,1011.61,2026-05-23,2026-07-07,paid,PO-6041
INV-2026-3422,Northwind Security,984.58,2026-01-20,2026-02-19,pending,PO-6869
INV-2026-3458,Zenith IT Consulting,7162.67,2026-05-29,2026-06-13,pending,PO-6508
INV-2026-2209,IRONCLAD LOGISTICS,7371.46,2026-03-15,2026-04-14,overdue,PO-6987
INV-2026-3479,Northwind Security,,2026-05-30,2026-06-29,overdue,PO-6860
INV-2026-4356,Northwind Security,1201.25,2026-03-18,2026-05-17,pending,PO-6984
INV-2026-4835,Delta Freight Solutions,1979.41,2026-01-28,2026-02-27,overdue,PO-6461
INV-2026-2829,Riverside Cleaning Co,735.79,2026-02-13,2026-03-15,pending,PO-6268
INV-2026-5207,Quartz Design Studio,749.0,2026-04-18,2026-05-03,overdue,PO-6544
INV-2026-3081,Delta Freight Solutions,950.6,2026-01-26,2026-03-12,pending,PO-6348
INV-2026-4529,Baystate Facilities,2077.82,2026-06-08,2026-06-23,overdue,PO-6331
INV-2026-2758,Bluepeak Marketing,519.3,2026-03-27,2026-04-26,overdue,PO-6064
INV-2026-4007,Harborstone Consulting Group,2381.27,2026-06-09,2026-08-08,paid,PO-6713
INV-2026-4389,Bluepeak Marketing,508.54,2026-01-07,2026-03-08,pending,PO-6274
INV-2026-2019,Riverside Cleaning Co,2679.89,2026-05-21,2026-06-05,overdue,PO-6808
INV-2026-4607,Bluepeak Marketing,986.06,2026-02-23,2026-04-09,overdue,PO-6982
INV-2026-2922,Trustpoint Insurance,456.99,2026-06-21,2026-07-21,pending,PO-6173
INV-2026-3200,Northwind Security,346.24,2026-05-09,2026-05-24,pending,PO-6326
INV-2026-5041,Golden Valley Catering,55.29,2026-02-14,2026-03-16,overdue,PO-6389
INV-2026-3620,Golden Valley Catering,1320.6,2026-02-19,2026-03-06,paid,PO-6074
INV-2026-2845,Quartz Design Studio,2017.74,2026-03-19,2026-04-18,overdue,PO-6474
INV-2026-2772,BluePeak Marketing,1182.88,2026-03-09,2026-03-24,paid,PO-6394
INV-2026-2294,Meadowbrook Payroll,,2026-01-17,2026-03-03,pending,PO-6397
INV-2026-3908,Summit Office Supplies,282.98,2026-04-16,2026-06-15,paid,PO-6994
INV-2026-2649,Harborstone Consulting,587.75,2026-02-22,2026-04-23,pending,PO-6693
INV-2026-3415,Pinnacle Telecom,168.16,2026-05-05,2026-06-04,overdue,PO-6278
INV-2026-2458,Everline Distribution,1673.7,2026-03-05,2026-04-19,overdue,PO-6617
INV-2026-3253,Precision Print Shop,20511.3,2026-01-06,2026-03-07,pending,PO-6423
INV-2026-5111,Baystate Facilities,3647.85,2026-06-01,2026-06-16,pending,PO-6220
INV-2026-4395,Northwind Security,148.93,2026-06-08,2026-06-23,overdue,PO-6131
INV-2026-3498,Bluepeak Marketing,3679.35,2026-01-31,2026-02-15,overdue,PO-6235
INV-2026-3045,Ridgeline HVAC,430.34,2026-06-20,2026-07-20,paid,PO-6960
INV-2026-2089,Quartz Design Studio,354.42,2026-04-18,2026-06-02,pending,PO-6515
INV-2026-4706,Meadowbrook Payroll,410.36,2026-05-15,2026-06-14,paid,PO-6490
INV-2026-2118,Northwind Security,450.08,2026-04-22,2026-06-21,overdue,PO-6253
INV-2026-4279,Harborstone Consulting,522.21,2026-02-16,2026-04-02,overdue,PO-6965
INV-2026-2882,Precision Print Shop,1189.7,2026-01-05,2026-02-19,pending,PO-6233
INV-2026-3884,Civic Square Legal,693.28,2026-06-15,2026-06-30,overdue,PO-6267
INV-2026-5197,Delta Freight Solutions LLC,124.75,2026-04-21,2026-05-21,overdue,PO-6733
INV-2026-3880,Civic Square Legal,1803.6,2026-02-18,2026-03-20,pending,PO-6227
INV-2026-4920,Civic Square Legal,2764.74,2026-06-11,2026-07-26,overdue,PO-6264
INV-2026-4047,BluePeak Marketing,1262.05,2026-04-24,2026-05-24,paid,PO-6540
INV-2026-3304,Ironclad Logistics,450.82,2026-02-23,2026-04-24,overdue,PO-6450
INV-2026-3196,Precision Print Shop,1473.62,2026-02-17,2026-04-18,pending,PO-6533
INV-2026-4846,Wellspring Analytics,90.26,2026-03-13,2026-04-12,paid,PO-6788
INV-2026-2983,Zenith IT Consulting,479.86,2026-04-10,2026-04-25,overdue,PO-6411
INV-2026-4877,Zenith IT Consulting,1980.39,2026-01-13,2026-01-28,paid,PO-6040
INV-2026-4035,Zenith IT Consulting,3577.27,2026-02-08,2026-03-10,pending,PO-6033
INV-2026-2970,Delta Freight Solutions LLC,996.48,2026-03-29,2026-05-28,paid,PO-6474
INV-2026-4109,Wellspring Analytics,1249.84,2026-05-10,2026-06-09,overdue,PO-6615
INV-2026-3656,BluePeak Marketing,2940.16,2026-05-10,2026-06-09,paid,PO-6253
INV-2026-4819,Trustpoint Insurance,1687.44,2026-03-10,2026-04-09,paid,PO-6932
INV-2026-3323,Meadowbrook Payroll,706.63,2026-02-09,2026-02-24,overdue,PO-6804
INV-2026-4424,Delta Freight Solutions LLC,2408.45,2026-05-28,2026-06-27,pending,PO-6864
INV-2026-3834,Fleetline Maintenance,835.01,2026-02-21,2026-04-22,pending,PO-6633
INV-2026-2973,Trustpoint Insurance,1856.62,2026-02-16,2026-03-03,paid,PO-6377
INV-2026-5113,Zenith IT Consulting,1079.91,2026-03-13,2026-04-12,overdue,PO-6686
INV-2026-2353,Golden Valley Catering,420.02,2026-01-06,2026-02-05,paid,PO-6252
INV-2026-4828,Everline Distribution,279.25,2026-01-01,2026-01-31,overdue,PO-6876
INV-2026-4296,BluePeak Marketing,506.6,2026-01-13,2026-02-12,pending,PO-6519
INV-2026-2376,Ironclad Logistics,1106.03,2026-02-01,2026-03-03,pending,PO-6092
INV-2026-3544,Northwind Security,159.18,2026-06-13,2026-07-13,overdue,PO-6420
INV-2026-3028,Ridgeline HVAC,,2026-01-04,2026-02-03,overdue,PO-6093
INV-2026-4163,Riverside Cleaning Co,820.71,2026-03-30,2026-04-14,pending,PO-6739
INV-2026-4227,Golden Valley Catering,1191.13,2026-04-15,2026-05-15,pending,PO-6961
INV-2026-2302,Wellspring Analytics,313.82,2026-02-25,2026-03-27,paid,PO-6285
INV-2026-3715,Precision Print Shop,732.32,2026-01-20,2026-02-19,pending,PO-6942
INV-2026-2298,Meadowbrook Payroll,235.1,2026-02-27,2026-03-29,paid,PO-6186
INV-2026-2825,Delta Freight Solutions,3158.1,2026-04-28,2026-05-28,overdue,PO-6827
INV-2026-3876,Wellspring Analytics,281.57,2026-04-16,2026-05-16,overdue,PO-6150
INV-2026-4155,Civic Square Legal,399.45,2026-02-20,2026-04-06,overdue,PO-6931
INV-2026-3599,Fleetline Maintenance,9722.83,2026-01-17,2026-03-03,pending,PO-6102
INV-2026-2731,Harborstone Consulting,58.66,2026-01-18,2026-02-02,pending,PO-6375
INV-2026-2234,Golden Valley Catering,280.37,2026-04-04,2026-04-19,pending,PO-6317
INV-2026-4911,Everline Distribution,1575.47,2026-01-18,2026-02-02,paid,PO-6070
INV-2026-3334,Pinnacle Telecom,1688.51,,2026-06-25,overdue,PO-6511
INV-2026-5274,Trustpoint Insurance,192.73,2026-03-18,2026-04-17,pending,PO-6321
INV-2026-4329,Ridgeline HVAC,278.62,2026-01-06,2026-02-20,overdue,PO-6600
INV-2026-4980,Ironclad Logistics,608.56,2026-03-08,2026-04-22,overdue,PO-6974
INV-2026-2978,Trustpoint Insurance,3551.95,2026-03-26,2026-04-25,pending,PO-6302
INV-2026-3960,summit office supplies,771.94,2026-05-24,2026-07-23,pending,PO-6026
INV-2026-3289,Northwind Security,549.89,2026-03-02,2026-04-01,pending,PO-6540
INV-2026-4351,Baystate Facilities,358.33,2026-02-03,2026-03-20,overdue,PO-6188
INV-2026-3751,Precision Print Shop,537.2,2026-05-25,2026-06-24,paid,PO-6798
INV-2026-5034,Civic Square Legal,227.99,2026-04-09,2026-06-08,overdue,PO-6350
INV-2026-4195,Riverside Cleaning Co,4345.44,2026-04-05,2026-05-05,pending,PO-6886
INV-2026-2654,Fleetline Maintenance,316.37,2026-02-16,2026-04-02,paid,PO-6170
INV-2026-4193,Riverside Cleaning Co,623.22,2026-04-09,2026-05-24,paid,PO-6872
INV-2026-5194,SUMMIT OFFICE SUPPLIES,1085.12,2026-04-22,2026-05-22,overdue,PO-6424
INV-2026-4735,Delta Freight Solutions LLC,2231.6,2026-06-10,2026-07-10,paid,PO-6484
INV-2026-2468,Baystate Facilities,1828.69,2026-04-03,2026-06-02,pending,PO-6426
INV-2026-3269,Golden Valley Catering,,2026-02-01,2026-03-18,paid,PO-6838
INV-2026-2992,Meadowbrook Payroll,1207.49,2026-02-26,2026-04-27,paid,PO-6245
INV-2026-2535,Harborstone Consulting Group,1486.52,2026-02-16,2026-04-17,pending,PO-6090
INV-2026-3639,Everline Distribution,2888.39,2026-01-04,2026-02-03,overdue,PO-6184
INV-2026-2160,Golden Valley Catering,655.96,2026-06-21,2026-07-21,overdue,PO-6750
INV-2026-3684,IRONCLAD LOGISTICS,1912.21,2026-04-13,2026-04-28,paid,PO-6936
INV-2026-4231,Ridgeline HVAC,420.14,2026-01-03,2026-02-17,pending,PO-6912
INV-2026-2952,Harborstone Consulting Group,522.34,2026-05-27,2026-06-26,paid,PO-6816
INV-2026-3326,Harborstone Consulting,586.65,2026-01-20,2026-02-19,paid,PO-6656
INV-2026-5003,Civic Square Legal,502.68,2026-06-25,2026-08-09,overdue,PO-6865
INV-2026-4599,Trustpoint Insurance,854.02,2026-02-18,2026-03-20,paid,PO-6724
INV-2026-3608,Fleetline Maintenance,813.77,2026-01-02,2026-03-03,paid,PO-6412
INV-2026-2910,Everline Distribution,724.49,2026-04-14,2026-05-14,overdue,PO-6051
INV-2026-2440,Golden Valley Catering,1947.51,2026-05-17,2026-06-16,paid,PO-6904
INV-2026-3529,Civic Square Legal,288.56,2026-06-24,2026-07-24,pending,PO-6721
INV-2026-3611,Fleetline Maintenance,7966.42,2026-03-19,2026-04-03,overdue,PO-6237
INV-2026-2887,Everline Distribution,2502.5,2026-06-26,2026-07-26,overdue,PO-6471
INV-2026-4860,Quartz Design Studio,3027.45,2026-03-07,2026-04-06,overdue,PO-6021
INV-2026-4613,Quartz Design Studio,3525.24,2026-04-20,2026-05-20,overdue,PO-6193
INV-2026-4954,Northwind Security,1209.38,2026-04-23,2026-05-23,pending,PO-6058
INV-2026-2691,Baystate Facilities,6432.27,2026-02-10,2026-04-11,pending,PO-6776
INV-2026-3775,Fleetline Maintenance,1240.62,2026-01-17,2026-02-01,paid,PO-6924
INV-2026-4320,Quartz Design Studio,245.58,2026-02-05,2026-04-06,paid,PO-6916
INV-2026-3048,Ridgeline HVAC,2398.19,2026-05-16,2026-05-31,pending,PO-6464
INV-2026-3308,Zenith IT Consulting,2561.11,2026-05-10,2026-06-09,paid,PO-6544
INV-2026-2332,Bluepeak Marketing,1479.75,2026-04-27,2026-05-12,paid,PO-6343
INV-2026-4419,Everline Distribution,892.4,2026-01-27,2026-03-28,overdue,PO-6869
INV-2026-4496,Riverside Cleaning Co,431.15,2026-04-08,2026-05-08,paid,PO-6896
INV-2026-4384,Everline Distribution,236.95,2026-01-20,2026-02-19,paid,PO-6148
INV-2026-4287,Zenith IT Consulting,533.08,2026-06-26,2026-08-10,overdue,PO-6384
INV-2026-2281,Pinnacle Telecom,2858.88,2026-01-17,2026-03-03,overdue,PO-6680
INV-2026-3046,Zenith IT Consulting,220.37,2026-03-24,2026-04-23,paid,PO-6748
INV-2026-2454,Zenith IT Consulting,932.38,2026-01-03,2026-02-02,paid,PO-6746
INV-2026-2480,Wellspring Analytics,3137.44,2026-01-26,2026-02-10,paid,PO-6841
INV-2026-3226,Ridgeline HVAC,1252.6,2026-06-08,2026-07-08,overdue,PO-6857
INV-2026-2879,Zenith IT Consulting,504.82,2026-06-10,2026-07-25,pending,PO-6500
INV-2026-3951,Harborstone Consulting Group,291.54,2026-02-12,2026-03-14,overdue,PO-6398
INV-2026-2544,Everline Distribution,12479.08,2026-06-21,2026-07-21,paid,PO-6301
INV-2026-2692,Zenith IT Consulting,991.23,2026-01-26,2026-03-27,pending,PO-6836
INV-2026-3730,Ironclad Logistics,377.7,2026-05-09,2026-05-24,paid,PO-6149
INV-2026-4433,Harborstone Consulting Group,12563.58,2026-06-08,2026-07-08,pending,PO-6870
INV-2026-3240,Trustpoint Insurance,539.18,2026-02-02,2026-03-04,overdue,PO-6285
INV-2026-4489,summit office supplies,109.57,2026-02-14,2026-03-16,paid,PO-6525
INV-2026-4625,Civic Square Legal,320.6,2026-03-15,2026-04-29,paid,PO-6008
INV-2026-3411,IRONCLAD LOGISTICS,500.04,2026-05-09,2026-07-08,paid,PO-6814
INV-2026-4919,Pinnacle Telecom,453.13,2026-03-05,2026-04-04,pending,PO-6383
INV-2026-4139,Trustpoint Insurance,327.42,,2026-04-25,pending,PO-6716
INV-2026-3835,Everline Distribution,803.41,2026-02-19,2026-03-21,overdue,PO-6857
INV-2026-3064,Northwind Security,16.27,2026-02-12,2026-03-14,paid,PO-6545
INV-2026-2943,Wellspring Analytics,1109.42,2026-04-04,2026-04-19,overdue,PO-6220
INV-2026-4760,BluePeak Marketing,1543.56,2026-03-28,2026-04-12,pending,PO-6235
INV-2026-3199,Ridgeline HVAC,2290.99,2026-05-28,2026-06-12,pending,PO-6384
INV-2026-4055,Quartz Design Studio,2521.05,2026-06-23,2026-08-22,overdue,PO-6235
INV-2026-2857,Quartz Design Studio,617.75,2026-01-09,2026-02-08,pending,PO-6110
INV-2026-4129,Meadowbrook Payroll,3686.79,2026-03-17,2026-04-01,pending,PO-6516
INV-2026-2775,Wellspring Analytics,4624.13,2026-06-03,2026-07-03,pending,PO-6355
INV-2026-2042,Fleetline Maintenance,427.54,2026-01-05,2026-03-06,paid,PO-6800
INV-2026-3492,Wellspring Analytics,560.23,2026-06-16,2026-08-15,overdue,PO-6531
INV-2026-3352,IRONCLAD LOGISTICS,503.12,2026-01-21,2026-03-22,pending,PO-6602
INV-2026-3517,Pinnacle Telecom,1589.29,2026-06-18,2026-07-18,paid,PO-6120
INV-2026-5013,BluePeak Marketing,539.09,2026-05-07,2026-06-06,pending,PO-6183
INV-2026-4318,Ridgeline HVAC,897.06,2026-03-23,2026-04-07,pending,PO-6446
INV-2026-4090,Meadowbrook Payroll,470.4,2026-01-01,2026-01-16,pending,PO-6672
INV-2026-2477,Precision Print Shop,1207.82,2026-03-08,2026-04-22,overdue,PO-6716
INV-2026-3828,Ridgeline HVAC,778.5,2026-03-27,2026-04-26,pending,PO-6803
INV-2026-2354,Delta Freight Solutions,490.15,2026-04-20,2026-05-20,overdue,PO-6001
INV-2026-2710,Riverside Cleaning Co,951.38,2026-05-03,2026-06-02,paid,PO-6407
INV-2026-4132,Baystate Facilities,1429.73,2026-02-21,2026-03-08,pending,PO-6011
INV-2026-2792,Meadowbrook Payroll,13182.77,2026-01-29,2026-02-28,pending,PO-6647
INV-2026-2091,Wellspring Analytics,568.59,2026-05-26,2026-06-25,overdue,PO-6078
INV-2026-2462,Harborstone Consulting Group,141.69,2026-03-21,2026-04-05,paid,PO-6576
INV-2026-4052,Northwind Security,371.72,2026-06-28,2026-07-28,paid,PO-6860
INV-2026-4781,Meadowbrook Payroll,857.81,2026-05-19,2026-06-18,overdue,PO-6939
INV-2026-2346,Pinnacle Telecom,1853.7,2026-02-04,2026-03-06,paid,PO-6417
INV-2026-3389,Zenith IT Consulting,272.51,2026-02-26,2026-04-27,overdue,PO-6313
INV-2026-4168,Meadowbrook Payroll,601.13,2026-03-15,2026-05-14,paid,PO-6811
INV-2026-2261,Trustpoint Insurance,12467.6,2026-05-29,2026-06-28,paid,PO-6206
INV-2026-4261,Meadowbrook Payroll,562.53,2026-02-09,2026-03-11,overdue,PO-6787
INV-2026-4272,Summit Office Supplies,725.55,2026-01-12,2026-02-11,pending,PO-6089
INV-2026-2164,Northwind Security,897.8,2026-02-03,2026-03-05,overdue,PO-6358
INV-2026-4659,Precision Print Shop,556.46,2026-06-15,2026-07-15,paid,PO-6194
INV-2026-3301,BluePeak Marketing,923.09,2026-04-18,2026-05-18,pending,PO-6678
INV-2026-4012,Trustpoint Insurance,1839.3,2026-01-25,2026-02-24,pending,PO-6180
INV-2026-4032,Everline Distribution,223.06,2026-02-03,2026-03-05,overdue,PO-6329
INV-2026-2897,Everline Distribution,152.63,2026-03-04,2026-03-19,overdue,PO-6557
INV-2026-5145,Golden Valley Catering,3522.27,2026-01-13,2026-02-12,paid,PO-6671
INV-2026-2339,Summit Office Supplies,898.27,2026-06-18,2026-07-03,overdue,PO-6921
INV-2026-4021,Civic Square Legal,7767.1,2026-05-24,2026-07-08,overdue,PO-6656
INV-2026-3155,Bluepeak Marketing,38051.75,2026-01-15,2026-03-01,overdue,PO-6427
INV-2026-2967,Summit Office Supplies,3251.42,2026-06-29,2026-07-29,overdue,PO-6275
INV-2026-3989,Civic Square Legal,261.97,2026-03-01,2026-03-16,overdue,PO-6615
INV-2026-2852,Riverside Cleaning Co,281.88,2026-06-19,2026-07-04,paid,PO-6953
INV-2026-4082,Wellspring Analytics,1410.72,2026-02-09,2026-04-10,overdue,PO-6252
INV-2026-3363,Harborstone Consulting,347.96,2026-02-24,2026-03-26,pending,PO-6595
INV-2026-4950,Meadowbrook Payroll,611.56,2026-02-20,2026-03-22,overdue,PO-6437
INV-2026-4904,Precision Print Shop,2423.31,2026-06-23,2026-08-22,paid,PO-6368
